id_uc,consumer_name,id_region,id_locality,id_municipality,id_uc_aggregated_class,id_uc_class,id_uc_contract_situation,id_uc_meter_brand,meter_id,connection_date,was_fraud
301075238101,TANG CHONG NGA,330101,301P0085,301U0216,COM,C1,ACTIVE,SECURE METERS,10P58085,2002-04-10,0
301045595109,WONG AK SELAN,330101,301P0057,301U0137,RES,DOM,ACTIVE,AMPY,20S189641,2002-04-10,0
214120301100,CHIN TECK NYUK,321401,214P0006,214U0032,RES,DOM,INACTIVE,,10S090601,2002-04-03,0
205150724106,CHAI MUI YAW,320501,205P0083,205U0409,RES,DOM,ACTIVE,SECURE METERS,10P37494,2002-03-20,0
205146257100,BONG KIM KON,320501,205P0081,205U0208,RES,DOM,ACTIVE,SECURE METERS,10P42329,2002-03-19,0
204136025102,SIM HUI PING,320401,204P0005,204U0029,RES,DOM,ACTIVE,SECURE METERS,10P67163,2002-04-06,0
204132048107,LIEW KIM SIONG,320401,204P0003,204U0044,RES,DOM,ACTIVE,ISKRA,10P24634,2002-04-05,0
201166979103,JERO ANAK NYABON,320151,201P0010,201U0376,RES,DOM,INACTIVE,,10S116033,2002-04-23,0
201107015108,TAN PENG NGUANG,320151,201P0015,201U0587,RES,DOM,ACTIVE,SECURE METERS,10P47335,2002-04-11,0
201088668102,MINISTRY OF DEFENCE (8TH BN),320151,201P0016,201U0665,COM,C1,ACTIVE,SECURE METERS,10P47924,2002-04-02,0
201088662100,MINISTRY OF DEFENCE (G/ROOM),320151,201P0016,201U1077,COM,C1,ACTIVE,,CT220,2002-04-02,0
201088662100,MINISTRY OF DEFENCE (G/ROOM),320151,201P0016,201U1077,COM,C1,ACTIVE,,CT220,2002-04-02,0
201059464108,CHUO CHUNG TUNG,320151,201P0012,201U0405,COM,C1,ACTIVE,SECURE METERS,10P67049,2002-04-21,0
100006240623,TING SII HIE,320151,201P0007,201U0197,COM,C1,ACTIVE,EDMI,5S180956,2018-08-10,0
100006231142,LING CHIONG SIENG,370101,701P0008,701U0073,COM,C1,ACTIVE,GENUS,10P101667,2018-07-15,0
100006223807,NGU DIEN HUAT,370101,701P0013,701U0208,COM,C1,ACTIVE,GENUS,10P101678,2018-07-06,0
100006210473,YONG KEE EE,370101,701P0018,701U0152,RES,DOM,ACTIVE,HOLLEY,20S283640,2018-06-12,0
100006158888,BENET ANAK JULIN,330101,301P0057,301U0434,COM,C1,ACTIVE,EDMI,5S166334,2018-05-31,0
100006061947,WONG HUNT PING,320151,201P0013,201U1179,COM,C1,ACTIVE,SECURE METERS,10P73222,2017-12-22,0
100006057208,PARIS BREAD SDN BHD,340101,401P0087,401U0195,COM,C1,ACTIVE,SECURE METERS,10P73704,2017-12-20,0
100006037702,SUNG MEE HARDWARE SDN BHD,330101,301P0056,301U0110,COM,C1,ACTIVE,EDMI,5S158101,2017-12-12,0
100006037696,SUNG MEE HARDWARE SDN BHD,330101,301P0056,301U0110,COM,C1,ACTIVE,SECURE METERS,10P74079,2017-12-21,0
100006037684,SUNG MEE HARDWARE SDN BHD,330101,301P0056,301U0110,RES,DOM,ACTIVE,SECURE METERS,10P74113,2017-12-21,0
100006015421,FOO SHIN CHONG,320301,203P0061,203U0007,RES,DOM,ACTIVE,EDMI,5S131579,2017-11-24,0
100006015410,FOO SHIN CHONG,320301,203P0061,203U0007,RES,DOM,ACTIVE,EDMI,5S131578,2017-11-24,0
100006014192,JAYA TIASA PLYWOOD SDN BHD,330101,301P0083,301U0261,IND,I2,ACTIVE,ITRON,E15CT04220,2017-11-06,0
100005983752,PAU YU TEK,380501,805P0080,805U0028,RES,DOM,ACTIVE,SECURE METERS,10P52972,2017-10-11,0
100005972432,WONG YENG PING,360101,601P0008,601U0027,RES,DOM,ACTIVE,SECURE METERS,10P70051,2017-10-06,0
100005965002,WONG YENG PING,360101,601P0002,601U0054,RES,DOM,ACTIVE,EDMI,5S145871,2017-09-18,0
100005964897,HO WAN LIN,320151,201P0013,201U0447,RES,DOM,ACTIVE,EDMI,5S155239,2017-09-18,0
100005964850,HO WAN LIN,320151,201P0013,201U0447,RES,DOM,ACTIVE,EDMI,5S155238,2017-09-18,0
100005958216,TING SIEW TECK,330101,301P0064,301U0402,COM,C1,ACTIVE,SECURE METERS,10P72595,2017-10-10,0
100005949203,HII KAH HOCK,360101,601P0001,601U0002,COM,C1,ACTIVE,SECURE METERS,10P70037,2017-09-05,0
100005946135,UNITED G.I PRODUCTS SDN. BHD.,320151,201P0006,201U0143,COM,C1,ACTIVE,EDMI,5S155366,2017-08-25,0
100005946123,UNITED G.I PRODUCTS SDN. BHD.,320151,201P0006,201U0143,COM,C1,ACTIVE,EDMI,5S155365,2017-08-25,0
100005930395,UNITED G.I PRODUCTS SDN. BHD.,320151,201P0006,201U0143,COM,C1,ACTIVE,EDMI,5S152397,2017-08-09,0
100005920183,MOHEN BIN MOHAMED,380101,801P0004,801U0066,RES,DOM,ACTIVE,EDMI,5S080198,2017-10-16,0
100005902491,UMANG NANGKU JABU,320301,203P0062,203U0019,RES,DOM,ACTIVE,EDMI,5S131566,2017-10-27,0
100005814322,LOW AH NGIEW,320151,201P0019,201U1281,RES,DOM,ACTIVE,EDMI,5S143504,2017-04-23,0
100005805450,TONG CHU KONG,370101,701P0006,701U0145,RES,DOM,ACTIVE,SECURE METERS,10P67224,2017-04-15,0
100005790342,LING CHIONG HO,320151,201P0016,201U1199,RES,DOM,ACTIVE,SECURE METERS,10P69277,2017-03-31,0
100005790330,LING CHIONG HO,320151,201P0016,201U1199,RES,DOM,ACTIVE,SECURE METERS,10P69270,2017-03-31,0
100005765748,BONG CHIEW KHIUN,320151,201P0019,201U1281,RES,DOM,ACTIVE,EDMI,5S138033,2017-03-10,0
100005742967,HII KAH HOCK,360101,601P0001,601U0002,COM,C1,ACTIVE,SECURE METERS,10P61084,2017-03-08,0
100005707360,WILLIAM HO,340101,401P0087,401U0201,RES,DOM,ACTIVE,SECURE METERS,10P63892,2017-01-19,0
100005693063,SATOYAMA FARM SDN BHD,320501,205P0086,205U0716,RES,DOM,ACTIVE,SECURE METERS,10P58483,2017-01-06,0
100005671778,MOHEN BIN MOHAMED,380501,805P0082,805U0038,RES,DOM,ACTIVE,SECURE METERS,10P57732,2016-12-24,0
100005630387,HII KAH HOCK,360301,603P0002,603U0007,COM,C1,ACTIVE,SECURE METERS,10P70088,2017-01-18,0
100005630375,HII KAH HOCK,360301,603P0002,603U0007,COM,C1,ACTIVE,SECURE METERS,10P70087,2017-01-18,0
100005630351,HII KAH HOCK,360301,603P0002,603U0007,COM,C1,ACTIVE,SECURE METERS,10P70042,2017-01-18,0
100005619288,GOLD COIN SARAWAK SDN BHD,320151,201P0019,201U0635,IND,I1,ACTIVE,EDMI,E15CT00244,2016-11-01,0
100005582680,SIM CHO KHENG,340101,401P0081,401U0024,COM,C1,ACTIVE,SECURE METERS,10P66718,2016-10-26,0
100005571504,HII KAH HOCK,360101,601P0009,601U0029,COM,C1,ACTIVE,SECURE METERS,10P56456,2016-09-19,0
100005571498,HII KAH HOCK,360101,601P0009,601U0029,COM,C1,ACTIVE,SECURE METERS,10P56454,2016-09-19,0
100005571474,HII KAH HOCK,360101,601P0009,601U0029,COM,C1,ACTIVE,SECURE METERS,10P56455,2016-09-19,0
100005557155,CHIENG YEW BOH,330101,301P0055,301U0062,COM,C1,ACTIVE,EDMI,5S095907,2016-09-15,0
100005557143,CHIENG YEW BOH,330101,301P0055,301U0062,COM,C1,ACTIVE,EDMI,5S095908,2016-09-15,0
100005557131,CHIENG YEW BOH,330101,301P0055,301U0062,RES,DOM,ACTIVE,EDMI,5S095909,2016-09-15,0
100005550872,GOH SIEW CHOO,320151,201P0019,201U0643,RES,DOM,ACTIVE,SECURE METERS,10P66658,2016-08-25,0
100005547812,HII KAH HOCK,330101,301P0067,301U0356,RES,DOM,ACTIVE,EDMI,5S114336,2016-09-07,0
100005541263,LIFE CAFE KUCHING SDN BHD,320151,201P0003,201U0034,RES,DOM,ACTIVE,SECURE METERS,10P64635,2016-08-16,0
100005535810,SIDUP BIN KAMIS,380101,801P0002,801U0025,RES,DOM,ACTIVE,EDMI,5S079607,2016-08-10,0
100005520820,ECO FARM SOLUTIONS SDN.BHD.,320501,205P0083,205U0403,RES,DOM,ACTIVE,SECURE METERS,10P58472,2016-07-14,0
100005450014,LING CHECK TING,330101,301P0056,301U0112,RES,DOM,ACTIVE,EDMI,5S090175,2016-05-26,0
100005407418,HII KAH HOCK,330101,301P0067,301U0356,RES,DOM,ACTIVE,SECURE METERS,10P52205,2016-05-30,0
100005407406,HII KAH HOCK,330101,301P0067,301U0356,COM,C1,ACTIVE,SECURE METERS,10P60510,2016-05-30,0
100005392117,T.K. ISTIMEWA SDN. BHD.,321401,214P0008,214U0045,RES,DOM,ACTIVE,SECURE METERS,10P69130,2016-04-07,0
100005372489,LING CHIONG HO,320151,201P0016,201U1208,RES,DOM,ACTIVE,SECURE METERS,10P53214,2016-03-24,0
100005319116,HII KAH HOCK,360101,601P0001,601U0002,COM,C1,ACTIVE,SECURE METERS,10P56336,2016-02-03,0
100005319086,HII KAH HOCK,360101,601P0001,601U0002,COM,C1,ACTIVE,SECURE METERS,10P56335,2016-02-03,0
100005312997,LING CHIONG SIENG,340101,401P0090,401U0399,RES,DOM,ACTIVE,ITRON,E13CT01523,2016-02-04,0
100005303650,CHONG YIE LOONG,320401,204P0002,204U0058,RES,DOM,ACTIVE,SECURE METERS,10P67155,2016-01-29,0
100005301069,CHIONG CHII HUO,340101,401P0093,401U0439,COM,C1,ACTIVE,SECURE METERS,10P58918,2016-02-05,0
100005294510,TIONG KWONG HUNG,360101,601P0008,601U0027,RES,DOM,ACTIVE,SECURE METERS,10P56320,2016-01-14,0
100005294491,TIONG KWONG HUNG,360101,601P0008,601U0027,RES,DOM,ACTIVE,SECURE METERS,10P56322,2016-01-14,0
100005293024,CHIN CHIH YU,330101,301P0059,301U0191,COM,C1,ACTIVE,EDMI,5S076606,2016-01-29,0
100005293012,CHIN CHIH YU,330101,301P0059,301U0191,COM,C1,ACTIVE,EDMI,5S076607,2016-01-29,0
100005292998,CHIN CHIH YU,330101,301P0059,301U0191,RES,DOM,ACTIVE,EDMI,5S076608,2016-01-29,0
100005292986,CHIN CHIH YU,330101,301P0059,301U0191,COM,C1,ACTIVE,EDMI,5S076609,2016-01-29,0
100005292962,CHIN CHIH YU,330101,301P0059,301U0191,COM,C1,ACTIVE,EDMI,5S076610,2016-01-29,0
100005292950,CHIN CHIH YU,330101,301P0059,301U0191,RES,DOM,ACTIVE,EDMI,5S076691,2016-01-29,0
100005292925,CHIN CHIH YU,330101,301P0059,301U0191,COM,C1,ACTIVE,EDMI,5S076692,2016-01-29,0
100005292913,CHIN CHIH YU,330101,301P0059,301U0191,COM,C1,ACTIVE,EDMI,5S076693,2016-01-29,0
100005292690,CHIN CHIH YU,330101,301P0059,301U0191,RES,DOM,ACTIVE,EDMI,5S076694,2016-01-29,0
100005292664,CHIN CHIH YU,330101,301P0059,301U0191,COM,C1,ACTIVE,EDMI,5S076695,2016-01-29,0
100005292573,CHIN CHIH YU,330101,301P0059,301U0191,COM,C1,ACTIVE,EDMI,5S076696,2016-01-29,0
100005292457,CHIN CHIH YU,330101,301P0059,301U0191,RES,DOM,ACTIVE,EDMI,5S076697,2016-01-29,0
100005292380,CHIN CHIH YU,330101,301P0059,301U0191,COM,C1,ACTIVE,EDMI,5S076698,2016-01-29,0
100005292342,CHIN CHIH YU,330101,301P0059,301U0191,COM,C1,ACTIVE,EDMI,5S076699,2016-01-29,0
100005292329,CHIN CHIH YU,330101,301P0059,301U0191,RES,DOM,ACTIVE,EDMI,5P37416,2016-01-29,0
100005292305,CHIN CHIH YU,330101,301P0059,301U0191,COM,C1,ACTIVE,EDMI,5S076701,2016-01-29,0
100005291921,CHIN CHIH YU,330101,301P0059,301U0191,COM,C1,ACTIVE,EDMI,5S076702,2016-01-29,0
100005291910,CHIN CHIH YU,330101,301P0059,301U0191,RES,DOM,ACTIVE,EDMI,5S076703,2016-01-29,0
100005291878,CHIN CHIH YU,330101,301P0059,301U0191,COM,C1,ACTIVE,EDMI,5S076704,2016-01-29,0
100005291866,CHIN CHIH YU,330101,301P0059,301U0191,COM,C1,ACTIVE,EDMI,5S076705,2016-01-29,0
100005291854,CHIN CHIH YU,330101,301P0059,301U0191,RES,DOM,ACTIVE,EDMI,5S076706,2016-01-29,0
100005291830,CHIN CHIH YU,330101,301P0059,301U0191,COM,C1,ACTIVE,EDMI,5S076707,2016-01-29,0
100005291829,CHIN CHIH YU,330101,301P0059,301U0191,COM,C1,ACTIVE,EDMI,5S076708,2016-01-29,0
100005291817,CHIN CHIH YU,330101,301P0059,301U0191,RES,DOM,ACTIVE,EDMI,5S076709,2016-01-29,0
100005291805,CHIN CHIH YU,330101,301P0059,301U0191,COM,C1,ACTIVE,EDMI,5S076710,2016-01-29,0
100005291799,CHIN CHIH YU,330101,301P0059,301U0191,COM,C1,ACTIVE,EDMI,5S076711,2016-01-29,0
100005291775,CHIN CHIH YU,330101,301P0059,301U0191,RES,DOM,ACTIVE,EDMI,5S076712,2016-01-29,0
100005277055,MEGASTANDA SDN. BHD,320151,201P0019,201U0644,IND,I1,ACTIVE,EDMI,E15CT00057,2016-01-13,0
100005253087,LEE LAI CHOO,320301,225P0065,225U0012,RES,DOM,ACTIVE,SECURE METERS,10P51885,2016-03-04,0
100005222807,TSAI KIAN MUI,320151,201P0013,201U1179,COM,C1,ACTIVE,EDMI,5P35283,2015-11-09,0
100005204027,SYLVIA SIM HUI HOON,320151,201P0015,201U1045,RES,DOM,ACTIVE,EDMI,5S084450,2015-10-20,0
100005199603,IDA KARTINI BINTI HJ SHANAT,340101,401P0086,401U0474,RES,DOM,ACTIVE,EDMI,5S049409,2015-11-11,0
100005181337,HII KAH HOCK,330101,301P0064,301U0354,COM,C1,ACTIVE,SECURE METERS,10P55125,2015-10-08,0
100005166476,WONG YENG PING,360101,601P0002,601U0054,RES,DOM,ACTIVE,SECURE METERS,10P56318,2015-12-28,0
100005166439,WONG YENG PING,360101,601P0002,601U0054,COM,C1,ACTIVE,SECURE METERS,10P56317,2015-09-22,0
100005166427,WONG YENG PING,360101,601P0002,601U0054,COM,C1,ACTIVE,SECURE METERS,10P56316,2015-12-28,0
100005165540,NGU DIEN HUAT,360101,601P0004,601U0011,RES,DOM,ACTIVE,SECURE METERS,10P54917,2015-11-25,0
100005165526,NGU DIEN HUAT,360101,601P0004,601U0011,COM,C1,ACTIVE,SECURE METERS,10P54916,2015-11-25,0
100005165502,NGU DIEN HUAT,360101,601P0004,601U0011,COM,C1,ACTIVE,SECURE METERS,10P54915,2015-11-25,0
100005151606,TIONG KWONG HUNG,360101,601P0002,601U0054,COM,C1,ACTIVE,EDMI,5S064010,2015-09-02,0
100005143774,CHIENG YEW BOH,330101,301P0057,301U0353,COM,C1,INACTIVE,EDMI,5S089790,2016-06-16,0
100005137452,TIONG KWONG HUNG,360101,601P0002,601U0054,RES,DOM,ACTIVE,SECURE METERS,10P51763,2015-08-19,0
100005137427,TIONG KWONG HUNG,360101,601P0002,601U0054,RES,DOM,ACTIVE,SECURE METERS,10P51762,2015-08-19,0
100005126107,ROSENI ANAK KASOH,380101,801P0004,801U0064,RES,DOM,ACTIVE,EDMI,5S041188,2015-09-10,0
100005096190,DOMINIC ALISTER ANAK GUMA @ GI,340101,401P0084,401U0099,RES,DOM,ACTIVE,GENUS,10P100967,2015-07-25,0
100005073425,LEE YUN CHIN,340101,401P0087,401U0195,RES,DOM,ACTIVE,SECURE METERS,10P53397,2015-07-03,0
100004966199,JUN RONG (BINTULU) FASHION HOU,320501,205P0081,205U0202,RES,DOM,ACTIVE,EDMI,5S054418,2015-03-27,0
100004951457,JUN RONG (BINTULU) FASHION HOU,320501,205P0081,205U0202,RES,DOM,ACTIVE,SECURE METERS,10P48193,2015-04-30,0
100004951445,JUN RONG (BINTULU) FASHION HOU,320501,205P0081,205U0202,RES,DOM,ACTIVE,SECURE METERS,10P48192,2015-04-30,0
100004951433,JUN RONG (BINTULU) FASHION HOU,320501,205P0081,205U0202,COM,C1,ACTIVE,SECURE METERS,10P48191,2015-04-30,0
100004951410,JUN RONG (BINTULU) FASHION HOU,320501,205P0081,205U0202,RES,DOM,ACTIVE,SECURE METERS,10P69866,2015-04-30,0
100004951408,JUN RONG (BINTULU) FASHION HOU,320501,205P0081,205U0202,RES,DOM,ACTIVE,SECURE METERS,10P48188,2015-04-30,0
100004950131,JUN RONG (BINTULU) FASHION HOU,320501,205P0081,205U0202,COM,C1,ACTIVE,SECURE METERS,10P69853,2015-04-30,0
100004928897,JUNG KUO SDN BHD,320151,201P0012,201U1088,RES,DOM,ACTIVE,EDMI,5S061675,2015-02-12,0
100004903803,CHIONG CHII HUO,340101,401P0093,401U0439,COM,C1,ACTIVE,SECURE METERS,10P50317,2015-01-26,0
100004878080,AWANGKU JAMUDDIN BIN PENGIRAN,320151,201P0008,201U0237,RES,DOM,ACTIVE,SECURE METERS,10P50212,2014-12-23,0
100004872429,NG HONG SENG,320151,201P0016,201U1212,RES,DOM,ACTIVE,SECURE METERS,10P50193,2014-12-18,0
100004857581,LING MEE HUA,330101,301P0055,301U0062,RES,DOM,ACTIVE,SECURE METERS,10P65103,2015-01-14,0
100004840386,HWONG YEW MING,340101,401P0093,401U0460,COM,C1,ACTIVE,EDMI,5S035813,2014-12-05,0
100004827990,LEY TAK LET,320151,201P0010,201U0374,COM,C1,INACTIVE,HOLLEY,20S286975,2014-11-07,0
100004802816,LING CHIONG SIENG,340101,401P0087,401U0219,RES,DOM,ACTIVE,EDMI,5S035850,2014-12-11,0
100004801563,PATRICIA LERING DANIEL,340101,401P0084,401U0106,RES,DOM,ACTIVE,SECURE METERS,10P48773,2014-10-20,0
100004789095,LINDE EOX SDN. BHD.,320151,201PA001,201UA001,IND,I3,ACTIVE,ITRON,E11CT00787,2014-09-02,0
100004768602,PHANG CHOON MIAW,320151,201P0013,201U1179,RES,DOM,ACTIVE,EDMI,5S044396,2014-09-10,0
100004768584,PHANG CHOON MIAW,320151,201P0013,201U1179,COM,C1,ACTIVE,EDMI,5S044392,2014-09-10,0
100004768572,PHANG CHOON MIAW,320151,201P0013,201U1179,COM,C1,ACTIVE,EDMI,5P35270,2014-09-10,0
100004761395,ASHOK SEGAR,320201,202P0014,202U0041,RES,DOM,ACTIVE,EDMI,5S058399,2014-09-02,0
100004719949,NG HONG SENG,320151,201P0019,201U1216,RES,DOM,ACTIVE,EDMI,5S031562,2014-07-21,0
100004688199,TAI WOON CHIN,320151,201P0011,201U1145,COM,C1,ACTIVE,SECURE METERS,10P46223,2014-07-02,0
100004685277,BONG CHIEW KHIUN,320151,201P0019,201U1216,RES,DOM,ACTIVE,EDMI,5S031605,2014-06-18,0
100004655868,HWONG YEW MING,340101,401P0090,401U0539,RES,DOM,ACTIVE,ITRON,10S246631,2014-05-24,0
100004599725,SUNG MEE HARDWARE SDN BHD,330101,301P0059,301U0191,COM,C1,ACTIVE,SECURE METERS,10P67081,2014-03-25,0
100004593553,LAW HOCK CHAI,320201,202P0001,202U0055,RES,DOM,ACTIVE,ITRON,10S236619,2014-03-19,0
100004593358,CHIENG YEW BOH,330101,301P0057,301U0325,RES,DOM,ACTIVE,ITRON,10S289300,2014-03-25,0
100004593334,CHIENG YEW BOH,330101,301P0057,301U0325,COM,C1,ACTIVE,ITRON,10S289299,2014-03-25,0
100004593292,CHIENG YEW BOH,330101,301P0057,301U0325,RES,DOM,ACTIVE,ITRON,10S289306,2014-03-25,0
100004593280,CHIENG YEW BOH,330101,301P0057,301U0325,COM,C1,ACTIVE,ITRON,10S289305,2014-03-25,0
100004593279,CHIENG YEW BOH,330101,301P0057,301U0325,COM,C1,ACTIVE,ITRON,10S289304,2014-03-25,0
100004591489,CHIENG YEW BOH,330101,301P0057,301U0325,RES,DOM,ACTIVE,ITRON,10S289298,2014-03-25,0
100004591453,CHIENG YEW BOH,330101,301P0057,301U0325,COM,C1,ACTIVE,ITRON,10S289297,2014-03-25,0
100004554699,TAN PENG NGUANG,320151,201P0015,201U0547,RES,DOM,ACTIVE,SECURE METERS,10P69149,2015-11-13,0
100004528846,WONG ABAYAH ILAM,320151,201P0019,201U0984,RES,DOM,ACTIVE,EDMI,E13CT00524,2014-02-21,0
100004511408,LAU PONG HUI,320151,201P0014,201U1024,RES,DOM,ACTIVE,ITRON,10S290856,2014-01-02,0
100004494356,KUEH KWANG SIANG,320501,205P0089,205U0103,RES,DOM,ACTIVE,SECURE METERS,10P58443,2014-03-18,0
100004473687,WONG YENG PING,360101,601P0008,601U0027,RES,DOM,ACTIVE,SECURE METERS,10P70063,2013-12-18,0
100004466804,TING CHUO KIEW,320151,201P0004,201U0074,COM,C1,ACTIVE,FUJI,10S15109,2013-11-21,0
100004379592,TONG CHU KONG,320151,201P0014,201U1024,RES,DOM,ACTIVE,ITRON,10S277567,2013-09-04,0
100004371246,TAI WOON CHIN,320151,201P0011,201U1145,COM,C1,ACTIVE,SECURE METERS,10P41487,2013-10-14,0
100004371209,TAI WOON CHIN,320151,201P0011,201U1145,RES,DOM,ACTIVE,ITRON,10S278462,2013-10-07,0
100004366913,TU CHING SING,360101,601P0006,601U0080,RES,DOM,ACTIVE,SECURE METERS,10P42654,2014-08-06,0
100004363638,LIONG WU UNG,330101,301P0055,301U0384,COM,C1,ACTIVE,EDMI,5S089702,2013-08-28,0
100004331340,CHIONG CHII HUO,340101,401P0093,401U0421,RES,DOM,ACTIVE,ITRON,10S244385,2013-07-31,0
100004286462,WWW DEVELOPMENT SDN. BHD.,330101,301P0064,301U0354,COM,C1,ACTIVE,EDMI,5P35364,2013-07-10,0
100004286450,WWW DEVELOPMENT SDN. BHD.,330101,301P0064,301U0354,COM,C1,ACTIVE,EDMI,5P35349,2013-06-27,0
100004278490,LEE YEAN PIN,320151,201P0015,201U0582,RES,DOM,ACTIVE,EDMI,5P35322,2013-06-05,0
100004272463,TONG CHU KONG,320151,201P0014,201U1024,RES,DOM,ACTIVE,ITRON,10S273362,2013-05-30,0
100004272049,CHIONG CHII HUO,340101,401P0093,401U0439,COM,C1,ACTIVE,SECURE METERS,10P68923,2013-11-11,0
100004269956,NGU DIEN HUAT,330101,301P0055,301U0062,COM,C1,ACTIVE,EDMI,5P35344,2013-05-23,0
100004269920,NGU DIEN HUAT,330101,301P0055,301U0062,COM,C1,ACTIVE,ITRON,10S268837,2013-05-23,0
100004269907,NGU DIEN HUAT,330101,301P0055,301U0062,COM,C1,ACTIVE,ITRON,10S268838,2013-05-23,0
100004269889,NGU DIEN HUAT,330101,301P0055,301U0062,COM,C1,ACTIVE,ITRON,10S268839,2013-05-23,0
100004269865,NGU DIEN HUAT,330101,301P0055,301U0062,COM,C1,ACTIVE,EDMI,5P35345,2013-05-23,0
100004246105,KHO POH CHING,340101,401P0084,401U0109,RES,DOM,ACTIVE,ACTARIS,20S334349,2013-05-09,0
100004220591,NGU DIEN HUAT,330101,301P0055,301U0062,COM,C1,ACTIVE,EDMI,5P35363,2013-05-04,0
100004220566,NGU DIEN HUAT,330101,301P0055,301U0062,COM,C1,ACTIVE,EDMI,5P35342,2013-05-23,0
100004220529,NGU DIEN HUAT,330101,301P0055,301U0062,COM,C1,ACTIVE,EDMI,5P35343,2013-05-23,0
100004220505,NGU DIEN HUAT,330101,301P0055,301U0062,COM,C1,ACTIVE,EDMI,5P35357,2013-05-04,0
100004220475,NGU DIEN HUAT,330101,301P0055,301U0062,COM,C1,ACTIVE,EDMI,5P35358,2013-05-04,0
100004220438,NGU DIEN HUAT,330101,301P0055,301U0062,COM,C1,ACTIVE,EDMI,5P35359,2013-05-04,0
100004220396,NGU DIEN HUAT,330101,301P0055,301U0062,COM,C1,ACTIVE,EDMI,5P35360,2013-05-04,0
100004210433,TING SIEW TECK,330101,301P0064,301U0402,RES,DOM,ACTIVE,SECURE METERS,10P38211,2013-07-23,0
100004204135,HII KAH HOCK,330101,301P0064,301U0354,COM,C1,ACTIVE,EDMI,5P35346,2013-04-25,0
100004173450,CHARLES NGU UNG FEI,320151,201P0013,201U1179,RES,DOM,ACTIVE,EDMI,5S067584,2013-03-25,0
100004173448,CHARLES NGU UNG FEI,320151,201P0013,201U1179,COM,C1,ACTIVE,ITRON,10S265392,2013-03-25,0
100004173436,CHARLES NGU UNG FEI,320151,201P0013,201U1179,COM,C1,ACTIVE,EDMI,5P35287,2013-03-25,0
100004173424,CHARLES NGU UNG FEI,320151,201P0013,201U1179,RES,DOM,ACTIVE,SECURE METERS,10P035902,2013-03-25,0
100004161914,CHIONG CHII HUO,340101,401P0093,401U0439,COM,C1,ACTIVE,SECURE METERS,10P65238,2013-03-20,0
100004140959,WONG DING SENG,320201,202P0014,202U0030,RES,DOM,ACTIVE,ISKRA,10P24022,2013-05-31,0
100004134340,LIM JING LEE,320151,201P0012,201U0397,COM,C1,ACTIVE,ITRON,10S260635,2013-02-15,0
100004134339,LIM JING LEE,320151,201P0012,201U0397,COM,C1,ACTIVE,ITRON,10S260634,2013-02-15,0
100004129563,HO WAN LIN,320151,201P0019,201U0949,RES,DOM,ACTIVE,ITRON,10S261424,2013-02-07,0
100004111820,ROSLAN BIN DAEL,321401,214P0009,214U0902,RES,DOM,ACTIVE,ITRON,10S271919,2013-07-31,0
100004109825,CHONG MIN FUI,320401,204P0002,204U0053,RES,DOM,ACTIVE,SECURE METERS,10P033413,2013-01-23,0
100004000645,KEMENTERIAN PERTAHANAN KUCHING,320151,201P0016,201U0669,RES,DOM,ACTIVE,SECURE METERS,10P031606,2012-11-02,0
100003988011,LOH NGIE SUNG,330101,301P0060,301U0442,RES,DOM,ACTIVE,EDMI,5P35380,2013-01-28,0
100003965023,HII KAH HOCK,330101,301P0055,301U0062,COM,C1,ACTIVE,SECURE METERS,10P030788,2012-10-11,0
100003965011,HII KAH HOCK,330101,301P0055,301U0062,COM,C1,ACTIVE,SECURE METERS,10P030787,2012-10-11,0
100003919141,PHANG CHOON MIAW,320151,201P0004,201U0074,COM,C1,ACTIVE,SECURE METERS,10P031257,2012-07-26,0
100003876774,SATOK FURNITURE ENTERPRISE SDN,320151,201P0015,201U1162,RES,DOM,INACTIVE,ITRON,10S239661,2012-06-14,0
100003876750,SATOK FURNITURE ENTERPRISE SDN,320151,201P0015,201U1162,RES,DOM,INACTIVE,ITRON,10S238423,2012-06-14,0
100003876749,SATOK FURNITURE ENTERPRISE SDN,320151,201P0015,201U1162,COM,C1,INACTIVE,SECURE METERS,10P030573,2012-06-14,0
100003876713,SATOK FURNITURE ENTERPRISE SDN,320151,201P0015,201U1162,COM,C1,INACTIVE,SECURE METERS,10P030310,2012-06-14,0
100003876701,SATOK FURNITURE ENTERPRISE SDN,320151,201P0015,201U1162,COM,C1,INACTIVE,SECURE METERS,10P030572,2012-06-14,0
100003876683,SATOK FURNITURE ENTERPRISE SDN,320151,201P0015,201U1162,COM,C1,INACTIVE,SECURE METERS,10P030309,2012-06-14,0
100003876671,SATOK FURNITURE ENTERPRISE SDN,320151,201P0015,201U1162,COM,C1,INACTIVE,SECURE METERS,10P030571,2012-06-14,0
100003876658,SATOK FURNITURE ENTERPRISE SDN,320151,201P0015,201U1162,COM,C1,ACTIVE,SECURE METERS,10P030308,2012-06-14,0
100003721183,SONG HUA HON,340101,401P0082,401U0045,RES,DOM,ACTIVE,EDMI,5P35995,2012-02-28,0
100003666240,CHONG MIN FUI,320401,204P0005,204U0030,COM,C1,ACTIVE,SECURE METERS,10P033406,2011-11-14,0
100003648388,HEE TOU SIN,340101,401P0096,401U0430,RES,DOM,ACTIVE,ITRON,10S208092,2011-12-05,0
100003644486,LOW  AH NGIEW,320301,203P0061,203U0013,RES,DOM,ACTIVE,SECURE METERS,10P38744,2011-11-18,0
100003628596,LING CHIONG SIENG,340101,401P0084,401U0082,COM,C1,ACTIVE,ISKRA,10P22327,2011-11-23,0
100003564041,THAM YEH HUNG,340101,401P0086,401U0342,RES,DOM,ACTIVE,ISKRA,5S012109,2011-09-05,0
100003563528,SARAWAK BANK EMPLOYEE'S UNION,320301,203P0061,203U0012,RES,DOM,ACTIVE,ISKRA,10P24887,2011-08-26,0
100003486443,NGU KIONG HOR,340101,401P0090,401U0486,COM,C1,ACTIVE,ISKRA,5S007614,2011-06-09,0
100003477960,BONET ANAK GENG,320151,201P0015,201U0570,RES,DOM,ACTIVE,SECURE METERS,10P69530,2011-05-11,0
100003442191,WILLIAM HO,340101,401P0087,401U0543,RES,DOM,ACTIVE,ISKRA,5S007584,2011-04-26,0
100003442178,WILLIAM HO,340101,401P0087,401U0543,COM,C1,ACTIVE,ISKRA,5S007592,2011-04-26,0
100003442166,WILLIAM HO,340101,401P0087,401U0543,COM,C1,ACTIVE,ISKRA,5S007583,2011-04-26,0
100003441514,WILLIAM HO,340101,401P0087,401U0373,COM,C1,ACTIVE,ISKRA,10P20537,2011-04-27,0
100003441496,WILLIAM HO,340101,401P0087,401U0373,COM,C1,ACTIVE,ISKRA,10P20536,2011-04-27,0
100003418292,TIONG KWONG HUNG,360101,601P0008,601U0027,RES,DOM,ACTIVE,ISKRA,5S018463,2011-07-08,0
100003361452,LAW WENG FOO,340101,401P0086,401U0393,RES,DOM,ACTIVE,PRI,10P04555,2011-01-20,0
100003328333,DATUK AMAR LEONARD LINGGI AK J,320151,201P0019,201U0630,COM,C1,ACTIVE,EDMI,E13CT00372,2010-12-23,0
100003279863,WONG YENG PING,360101,601P0008,601U0027,COM,C1,ACTIVE,SECURE METERS,10P18670,2011-01-14,0
100003252500,CHONG YIE LOONG,320151,201P0011,201U1033,RES,DOM,ACTIVE,ISKRA,5S004536,2010-10-25,0
100003225726,NUR MASNIAH BINTI ABDULLAH,330101,301P0064,301U0319,RES,DOM,ACTIVE,ISKRA,5S002147,2010-11-11,0
100003162273,SYLVIA SIM HUI HOON,320151,201P0019,201U1096,COM,C1,ACTIVE,ACTARIS,20S403911,2010-07-28,0
100003132396,JAMILAH BINTI ABEN,321401,214P0007,214U0040,RES,DOM,ACTIVE,ACTARIS,20S398198,2010-08-17,0
100003132359,MAS BINTI SUHAILI,321401,214P0007,214U0040,RES,DOM,ACTIVE,ACTARIS,20S398192,2010-08-17,0
100003105940,TIONG KWONG HUNG,360101,601P0004,601U0011,COM,C1,ACTIVE,ACTARIS,20S399651,2010-06-22,0
100003098110,JUNG KUO SDN BHD,320151,201P0006,201U0111,COM,C1,ACTIVE,ISKRA,10P17638,2010-05-26,0
100003083415,RAHIM B INONG,320151,201P0008,201U1050,RES,DOM,ACTIVE,ACTARIS,20S398211,2010-05-17,0
100003078171,CINLE STEEL PRODUCTS INDUSTRIE,320151,201P0012,201U0397,RES,DOM,ACTIVE,ACTARIS,20S397134,2010-05-12,0
100003030319,WONG SIU CHING,360101,601P0011,601U0037,RES,DOM,ACTIVE,ISKRA,10P15408,2010-04-14,0
100003007541,TIONG KWONG HUNG,360101,601P0011,601U0037,COM,C1,ACTIVE,ACTARIS,20S394769,2010-06-19,0
100003007528,HII PWO CHAI,370101,701P0006,701U0145,RES,DOM,ACTIVE,ISKRA,10P24267,2011-07-22,0
100003000054,AWANGKU JAMUDDIN BIN PENGIRAN,320301,203P0062,203U0020,RES,DOM,ACTIVE,SECURE METERS,10P41056,2010-07-01,0
100002971714,TAN KIAN MIN,320151,201P0013,201U0453,RES,DOM,ACTIVE,ACTARIS,20S395539,2010-06-15,0
100002962051,THAM YEH HUNG,340101,401P0081,401U0023,COM,C1,ACTIVE,SECURE METERS,10P53703,2010-01-23,0
100002885901,TIONG KWONG HUNG,360101,601P0004,601U0011,RES,DOM,ACTIVE,ACTARIS,20S376239,2009-11-25,0
100002811899,TAN PENG NGUANG,320201,202P0002,202U0026,RES,DOM,ACTIVE,SECURE METERS,10P57089,2009-09-17,0
100002731004,WILLIAM HO,340101,401P0087,401U0543,RES,DOM,ACTIVE,ACTARIS,20S362442,2009-06-04,0
100002648411,EDWIN MOK WAN CHOR,320151,201P0007,201U0186,RES,DOM,ACTIVE,SECURE METERS,10P70393,2009-02-14,0
100002597464,LAI JOON,320201,202P0001,202U0018,RES,DOM,ACTIVE,ISKRA,10P25796,2009-01-20,0
100002491182,HUANG TIONG SII,370101,701P0012,701U0098,RES,DOM,ACTIVE,EDMI,E15CT02529,2008-09-25,0
100002490980,LAI JOON,320201,202P0001,202U0001,RES,DOM,ACTIVE,ACTARIS,20S346444,2008-10-16,0
100002471754,LING KIONG HOOK,330101,301P0067,301U0383,COM,C1,ACTIVE,PRI,10P05111,2008-08-11,0
100002459729,TING SII HIE,340101,401P0093,401U0509,RES,DOM,ACTIVE,SECURE METERS,10P18301,2008-08-05,0
100002452620,JAYA TIASA PLYWOOD SDN BHD,330101,301P0082,301U0253,RES,DOM,ACTIVE,EDMI,E15CT00633,2008-10-27,0
100002452607,JAYA TIASA PLYWOOD SDN BHD,330101,301P0082,301U0253,RES,DOM,ACTIVE,EDMI,E15CT00303,2008-10-27,0
100002428770,SATOK FURNITURE ENTERPRISE SDN,320151,201P0004,201U0049,COM,C1,ACTIVE,ACTARIS,5P32487,2008-06-27,0
100002248070,CHEN YII ENTERPRISE SDN BHD,330101,301P0057,301U0142,COM,C1,ACTIVE,EDMI,5P35373,2008-02-25,0
100002189313,LAI SIEW KHIUK,320151,201P0013,201U1009,RES,DOM,ACTIVE,ACTARIS,20S412090,2007-12-03,0
100002183475,WILLIAM HO,340101,401P0086,401U0463,COM,C1,ACTIVE,ACTARIS,20S312152,2008-01-07,0
100002183463,WILLIAM HO,340101,401P0086,401U0463,COM,C1,ACTIVE,ACTARIS,20S307445,2008-01-07,0
100002171370,IDA KARTINI BINTI HJ SHANAT,340101,401P0086,401U0463,RES,DOM,ACTIVE,ACTARIS,20S308708,2007-12-03,0
100002144445,LAI JOON,320151,201P0015,201U0947,RES,DOM,ACTIVE,LANDIS+GYR,5P24436,2007-10-24,0
100002035942,WILLIAM HO,340101,401P0086,401U0463,COM,C1,ACTIVE,LANDIS+GYR,5P21816,2007-08-22,0
100002012309,WILLIAM HO,340101,401P0086,401U0463,COM,C1,ACTIVE,HOLLEY,20S300540,2007-06-27,0
100002012140,SYLVIA SIM HUI HOON,320151,201P0013,201U0897,RES,DOM,ACTIVE,ACTARIS,20S309712,2007-06-18,0
100002004040,TIONG KWONG HUNG,340101,401P0088,401U0255,RES,DOM,ACTIVE,HOLLEY,20S299635,2007-07-05,0
100001967715,LILIN ANAK COSTA,320201,202P0014,202U0037,RES,DOM,ACTIVE,ACTARIS,20S306130,2007-05-11,0
100001961166,RAHMAN B MAT,320151,201P0013,201U0871,RES,DOM,ACTIVE,HOLLEY,20S303796,2007-04-25,0
100001943541,MOHAMMAD HAMDAN BIN WAHID,320151,201P0019,201U0712,RES,DOM,ACTIVE,LANDIS+GYR,5P22255,2007-04-10,0
100001919332,WILLIAM HO,340101,401P0086,401U0463,COM,C1,ACTIVE,HOLLEY,20S297288,2007-03-21,0
100001894268,KANG KI CHUL,320151,201P0019,201U0823,RES,DOM,ACTIVE,LANDIS+GYR,5P21362,2007-02-13,0
100001881031,GOH SIEW CHOO,330101,301P0059,301U0178,RES,DOM,ACTIVE,GE,30P04336,2007-02-02,0
100001836001,JUNG KUO SDN BHD,320401,204P0005,204U0025,RES,DOM,ACTIVE,HOLLEY,20S293685,2007-02-14,0
100001821253,LAU PONG HUI,330101,301P0060,301U0209,RES,DOM,ACTIVE,SECURE METERS,10P42391,2006-12-28,0
100001804085,LAU PIK HIONG,360101,601P0001,601U0002,RES,DOM,ACTIVE,SECURE METERS,10P44516,2006-11-23,0
100001804073,LAU PIK HIONG,360101,601P0001,601U0002,COM,C1,ACTIVE,HOLLEY,20S290520,2006-11-23,0
100001804061,LAU PIK HIONG,360101,601P0001,601U0002,COM,C1,ACTIVE,ITRON,10S222682,2006-11-23,0
100001786617,LAU ING SIONG,320151,201P0015,201U0574,RES,DOM,ACTIVE,SECURE METERS,10P63585,2006-11-02,0
100001771213,DATUK LING CHIONG HO,340101,401P0090,401U0273,RES,DOM,ACTIVE,EDMI,E06CT00593,2006-11-06,0
100001761013,WONG TIUNG HAI,340101,401P0087,401U0195,RES,DOM,INACTIVE,HOLLEY,20S287947,2006-10-12,0
100001733560,JUNG KUO SDN BHD,320401,204P0005,204U0029,RES,DOM,ACTIVE,LANDIS+GYR,5P21148,2006-12-12,0
100001710339,DATUK LING CHIONG HO,340101,401P0090,401U0273,COM,C1,ACTIVE,ITRON,E13CT01019,2006-08-30,0
100001700851,TIONG KWONG HUNG,320151,201P0013,201U0430,RES,DOM,ACTIVE,FUJIDHARMA,20S139428,2006-08-17,0
100001691849,CHUO CHUNG TUNG,320151,201P0010,201U0374,COM,C1,INACTIVE,HOLLEY,20S286976,2006-09-06,0
100001676010,JUNG KUO SDN BHD,320151,201P0013,201U0449,COM,C1,INACTIVE,PRI,10P07442,2006-07-24,0
100001670147,TU CHING SING,360101,601P0006,601U0074,RES,DOM,ACTIVE,PRI,10P04094,2006-07-20,0
100001663260,WONG TIUNG HAI,340101,401P0087,401U0195,RES,DOM,INACTIVE,HOLLEY,20S2737496,2006-07-20,0
100001662886,CHIENG YEW BOH,330101,301P0055,301U0420,RES,DOM,ACTIVE,ISKRA,10P21773,2006-09-13,0
100001602336,CHONG NYUK FAH,320151,201P0010,201U0352,RES,DOM,ACTIVE,SECURE METERS,10P46162,2006-08-10,0
100001570104,JUNG KUO SDN BHD,320151,201P0019,201U0641,COM,C1,ACTIVE,EDMI,E15CT00908,2006-04-20,0
100001440075,LOW  AH NGIEW,320151,201P0015,201U0860,RES,DOM,ACTIVE,AMPY,10S199685,2006-01-09,0
100001431566,DATUK AMAR LEONARD LINGGI AK J,320151,201P0008,201U0239,RES,DOM,ACTIVE,PRI,10P06217,2006-01-04,0
100001393206,TANG MING SENG,370101,701P0002,701U0015,RES,DOM,ACTIVE,AMPY,10S194016,2005-12-01,0
100001391982,TING SIEW TECK,330101,301P0057,301U0436,RES,DOM,ACTIVE,ITRON,10S258899,2005-12-02,0
100001362404,BAGIYO SICHO,320201,202P0014,202U0039,RES,DOM,ACTIVE,SECURE METERS,10P59900,2005-11-10,0
100001341139,BOLKHAN BIN ALIN,321401,214P0007,214U0038,RES,DOM,ACTIVE,ACTARIS,20S342370,2005-11-01,0
100001306322,ANG LEONG HOCK,320151,201P0010,201U0365,RES,DOM,ACTIVE,SECURE METERS,10P70374,2005-09-12,0
100001273780,LAI SIEW KHIUK,320151,201P0014,201U0775,RES,DOM,ACTIVE,AMPY,10S192322,2005-08-05,0
100001141965,LING CHIONG HO,340101,401P0084,401U0079,RES,DOM,INACTIVE,HOLLEY,20S256815,2005-03-14,0
100001031850,LING CHIONG SIENG,340101,401P0090,401U0273,RES,DOM,ACTIVE,EDMI,E13CT00151,2004-11-26,0
100000927618,CHONG NYUK FAH,320151,201P0010,201U0339,RES,DOM,ACTIVE,L&G,5P18503,2004-07-24,0
100000833181,CHRISTINA MOK HUA CHOO,320151,201P0019,201U0799,RES,DOM,ACTIVE,AMPY,10S181156,2004-04-14,0
100000821336,KEMENTERIAN PERTAHANAN KUCHING,320151,201P0019,201U0962,COM,C1,ACTIVE,AMPY,5P16555,2004-03-30,0
100000821324,KEMENTERIAN PERTAHANAN KUCHING,320151,201P0019,201U0962,COM,C1,ACTIVE,ISKRA,10P16782,2004-03-30,0
100000821294,KEMENTERIAN PERTAHANAN KUCHING,320151,201P0019,201U0962,RES,DOM,ACTIVE,AMPY,5P16551,2004-03-30,0
100000821269,KEMENTERIAN PERTAHANAN KUCHING,320151,201P0019,201U0962,RES,DOM,ACTIVE,AMPY,5P16571,2004-03-30,0
100000821257,KEMENTERIAN PERTAHANAN KUCHING,320151,201P0019,201U0962,COM,C1,ACTIVE,AMPY,5P16552,2004-03-30,0
100000821233,KEMENTERIAN PERTAHANAN KUCHING,320151,201P0019,201U0962,COM,C1,INACTIVE,AMPY,5P16550,2004-03-30,0
100000821221,KEMENTERIAN PERTAHANAN KUCHING,320151,201P0019,201U0962,COM,C1,INACTIVE,AMPY,5P16554,2004-03-30,0
100000821191,KEMENTERIAN PERTAHANAN KUCHING,320151,201P0019,201U0962,COM,C1,ACTIVE,ISKRA,10P21634,2004-03-30,0
100000821178,KEMENTERIAN PERTAHANAN KUCHING,320151,201P0019,201U0962,COM,C1,ACTIVE,AMPY,5P16553,2004-03-30,0
100000821166,KEMENTERIAN PERTAHANAN KUCHING,320151,201P0019,201U0962,COM,C1,INACTIVE,AMPY,5P16559,2004-03-30,0
100000821117,KEMENTERIAN PERTAHANAN KUCHING,320151,201P0016,201U0665,COM,C1,ACTIVE,AMPY,5P17001,2004-03-30,0
100000821087,KEMENTERIAN PERTAHANAN KUCHING,320151,201P0016,201U0665,COM,C1,ACTIVE,AMPY,5P17022,2004-03-30,0
100000821051,KEMENTERIAN PERTAHANAN KUCHING,320151,201P0016,201U0665,COM,C1,ACTIVE,ISKRA,10P16863,2004-03-30,0
100000804508,AWANGKU JAMUDDIN BIN PENGIRAN,320151,201P0010,201U0375,COM,C1,ACTIVE,AMPY,10S179542,2004-03-11,0
100000789519,KEMETERIAN PERTAHANAN KUCHING,320151,201P0019,201U0962,COM,C1,INACTIVE,SIEMENS,E02CT00383,2004-02-28,0
100000786129,LING CHIONG SIENG,340101,401P0084,401U0082,RES,DOM,ACTIVE,AMPY,5P15266,2004-04-19,0
100000706043,PHANG FUI MIN,320201,202P0004,202U0004,RES,DOM,ACTIVE,ACTARIS,20S349329,2004-01-10,0
100000664577,TIONG KWONG HUNG,360101,601P0011,601U0040,COM,C1,ACTIVE,SECURE METERS,10P37725,2004-07-30,0
100000649606,WONG ABAYAH ILAM,320151,201P0011,201U0390,RES,DOM,ACTIVE,AMPY,10S172390,2003-10-16,0
100000648651,CHIONG CHII HUO,340101,401P0086,401U0169,RES,DOM,ACTIVE,SECURE METERS,10P38907,2003-10-15,0
100000617691,JERO ANAK NYABON,320401,204P0003,204U0052,RES,DOM,ACTIVE,SECURE METERS,10P68003,2004-01-14,0
100000611690,DATUK AMAR LEONARD LINGGI AK J,320151,201P0017,201U0617,RES,DOM,ACTIVE,AMPY,10S174645,2003-12-03,0
100000597035,IDA KARTINI BINTI HJ SHANAT,321401,214P0001,214U0005,RES,DOM,ACTIVE,FUJIDHARMA,10S163661,2003-09-02,0
100000420500,RAHIM B INONG,320501,205P0082,205U0311,RES,DOM,ACTIVE,EDMI,5S182280,2003-05-22,0
100000328929,TAN KIAN MIN,320401,204P0005,204U0025,RES,DOM,ACTIVE,AMPY,10S137272,2003-02-14,0
100000106908,IT HOMES,340101,401P0090,401U0049,COM,C1,INACTIVE,,10S123186,2002-08-08,0
100000023146,WONG SIU CHING,360101,601P0011,601U0037,RES,DOM,ACTIVE,SECURE METERS,10P56440,2002-05-14,0
401048279102,KONG HUNG,340101,401P0084,401U0093,RES,DOM,ACTIVE,ISKRA,50P22209,2002-04-22,1
401021326106,LUBI NGAU,340101,401P0086,401U0170,RES,DOM,ACTIVE,TATUNG,2S45559,2002-04-21,1
401017049106,LEE LOK MOI,340101,401P0085,401U0135,RES,DOM,ACTIVE,,50P19241,2002-04-16,1
401016009113,LAW SIONG NGONG,340101,401P0085,401U0128,COM,C1,ACTIVE,L&G,20S35381,2002-04-16,1
401005754120,LEE YUN CHIN,340101,401P0082,401U0044,COM,C1,ACTIVE,SECURE METERS,10P035598,2002-04-15,1
401003209101,LAU YONG TUNG @ LAU YONG TIONG,340101,401P0081,401U0025,COM,C1,ACTIVE,,10S2566,2002-04-15,1
301075238101,TANG CHONG NGA,330101,301P0085,301U0216,COM,C1,ACTIVE,SECURE METERS,10P58085,2002-04-10,1
301072343104,KONG HUI LANG,330101,301P0055,301U0416,COM,C1,ACTIVE,SECURE METERS,10P51370,2002-04-12,1
301056181106,EDICO UTAMA SDN BHD,330101,301P0055,301U0416,COM,C1,ACTIVE,SECURE METERS,10P51265,2002-04-12,1
301049087100,PANGIA SDN BHD,330101,301P0060,301U0203,COM,C1,ACTIVE,SECURE METERS,10P56795,2002-04-06,1
301035812106,HUA SOON HONG TRADING SDN BHD,330101,301P0060,301U0203,COM,C1,ACTIVE,SECURE METERS,10P56794,2002-04-06,1
301035812106,HUA SOON HONG TRADING SDN BHD,330101,301P0060,301U0203,COM,C1,ACTIVE,EDMI,5P35277,2002-04-06,1
301026332102,TING HUAK YING,330101,301P0058,301U0146,RES,DOM,ACTIVE,,D111523,2002-04-14,1
301024145104,CHONG KHAI YING,330101,301P0065,301U0128,RES,DOM,ACTIVE,L&G,20S52454,2002-04-09,1
301024116104,KONG SIEW LAN,330101,301P0065,301U0128,RES,DOM,ACTIVE,L&G,20S34500,2002-04-05,1
301021694101,LEE KING ING,330101,301P0057,301U0120,RES,DOM,ACTIVE,FUJI,10S10973-3,2002-04-05,1
301009148103,TIONG YEW KING,330101,301P0054,301U0055,RES,DOM,ACTIVE,SECURE METERS,10P39058,2002-04-18,1
201059464108,CHUO CHUNG TUNG,320151,201P0012,201U0405,COM,C1,ACTIVE,ISKRA,10P20295,2002-04-21,1
201048053100,TAHIR BIN AMIT,320151,201P0009,201U0325,RES,DOM,ACTIVE,L&G,20S57651,2002-04-20,1
100005692800,NG KO KIEE,340101,401P0093,401U0460,COM,C1,ACTIVE,EDMI,5S098862,2017-01-06,1
100005582680,SIM CHO KHENG,340101,401P0081,401U0024,COM,C1,ACTIVE,SECURE METERS,10P66718,2016-10-26,1
100005541263,LIFE CAFE KUCHING SDN BHD,320151,201P0003,201U0034,RES,DOM,ACTIVE,SECURE METERS,10P64635,2016-08-16,1
100005450014,LING CHECK TING,330101,301P0056,301U0112,RES,DOM,ACTIVE,EDMI,5S090175,2016-05-26,1
100005222807,TSAI KIAN MUI,320151,201P0013,201U1179,COM,C1,ACTIVE,SECURE METERS,10P59725,2015-11-09,1
100005143774,CHIENG YEW BOH,330101,301P0057,301U0353,COM,C1,INACTIVE,EDMI,5S089790,2016-06-16,1
100004840386,HWONG YEW MING,340101,401P0093,401U0460,COM,C1,ACTIVE,EDMI,5S035813,2014-12-05,1
100004768572,PHANG CHOON MIAW,320151,201P0013,201U1179,COM,C1,ACTIVE,SECURE METERS,10P48418,2014-09-10,1
100004621524,TING SII HIE,320151,201P0007,201U0197,COM,C1,ACTIVE,OSAKI,20S417891,2014-04-15,1
100004532229,IT HOMES,340101,401P0082,401U0047,COM,C1,ACTIVE,EDMI,5S074439,2014-01-18,1
100004371246,TAI WOON CHIN,320151,201P0011,201U1145,COM,C1,ACTIVE,SECURE METERS,10P41487,2013-10-14,1
100004363638,LIONG WU UNG,330101,301P0055,301U0384,COM,C1,ACTIVE,EDMI,5S110288,2013-08-28,1
100004286462,WWW DEVELOPMENT SDN. BHD.,330101,301P0064,301U0354,COM,C1,ACTIVE,SECURE METERS,10P38183,2013-07-10,1
100004286450,WWW DEVELOPMENT SDN. BHD.,330101,301P0064,301U0354,COM,C1,ACTIVE,SECURE METERS,10P55149,2013-06-27,1
100004278490,LEE YEAN PIN,320151,201P0015,201U0582,RES,DOM,ACTIVE,SECURE METERS,10P38131,2013-06-05,1
100004220591,NGU DIEN HUAT,330101,301P0055,301U0062,COM,C1,ACTIVE,SECURE METERS,10P51603,2013-05-04,1
100004210433,TING SIEW TECK,330101,301P0064,301U0402,RES,DOM,ACTIVE,SECURE METERS,10P38211,2013-07-23,1
100004173436,CHARLES NGU UNG FEI,320151,201P0013,201U1179,COM,C1,ACTIVE,SECURE METERS,10P56778,2013-03-25,1
100004161914,CHIONG CHII HUO,340101,401P0093,401U0439,COM,C1,ACTIVE,SECURE METERS,10P65238,2013-03-20,1
100004134340,LIM JING LEE,320151,201P0012,201U0397,COM,C1,ACTIVE,ITRON,10S260635,2013-02-15,1
100003988011,LOH NGIE SUNG,330101,301P0060,301U0442,RES,DOM,ACTIVE,SECURE METERS,10P51202,2013-01-28,1
100003721183,SONG HUA HON,340101,401P0082,401U0045,RES,DOM,ACTIVE,SECURE METERS,10P37242,2012-02-28,1
100003477960,BONET ANAK GENG,320151,201P0015,201U0570,RES,DOM,ACTIVE,ISKRA,10P24597,2011-05-11,1
100003441514,WILLIAM HO,340101,401P0087,401U0373,COM,C1,ACTIVE,ISKRA,10P20537,2011-04-27,1
100003421680,TCT PROPERTY SENDIRIAN BERHAD,320151,201P0017,201U0758,COM,C1,ACTIVE,ACTARIS,5P32370,2011-03-21,1
100002962051,THAM YEH HUNG,340101,401P0081,401U0023,COM,C1,ACTIVE,EDMI,5P35317,2010-01-23,1
100002902443,AHMAD BIN AKASAS,330101,301P0060,301U0195,RES,DOM,ACTIVE,GE,20S04261,2009-11-24,1
100002248070,CHEN YII ENTERPRISE SDN BHD,330101,301P0057,301U0142,COM,C1,ACTIVE,SECURE METERS,10P12437,2008-02-25,1
100002189313,LAI SIEW KHIUK,320151,201P0013,201U1009,RES,DOM,ACTIVE,ACTARIS,20S412090,2007-12-03,1
100001786617,LAU ING SIONG,320151,201P0015,201U0574,RES,DOM,ACTIVE,SECURE METERS,10P13076,2006-11-02,1
100000653580,MEGA TEXTILE,340101,401P0081,401U0010,COM,C1,ACTIVE,GE,30P05151,2003-10-20,1
