﻿Id Uc,Truth,Predictions Proba
100001786617,True Positive,0.99710494
100003988011,True Positive,0.99622774
201059464108,True Positive,0.99612373
100002189313,True Positive,0.99533373
100000653580,True Positive,0.99385506
100002248070,True Positive,0.9934186
401016009113,True Positive,0.99320143
401048279102,True Positive,0.99304354
100003477960,True Positive,0.99254453
100005450014,True Positive,0.9923028
100005222807,True Positive,0.99172264
301024145104,True Positive,0.9904411
301026332102,True Positive,0.98907626
100004134340,True Positive,0.98901653
100004210433,True Positive,0.9889024
401005754120,True Positive,0.9884907
100004278490,True Positive,0.98780584
301056181106,True Positive,0.98750013
301035812106,True Positive,0.9873705
301009148103,True Positive,0.9859869
100004371246,True Positive,0.9854643
401021326106,True Positive,0.98429745
100003721183,True Positive,0.9832114
301021694101,True Positive,0.98319536
100002962051,True Positive,0.9830555
100004286462,True Positive,0.98273414
100004161914,True Positive,0.98262227
100004768572,True Positive,0.9820011
100005143774,True Positive,0.9818933
301049087100,True Positive,0.9805654
301072343104,True Positive,0.98021555
401017049106,True Positive,0.97992903
100004286450,True Positive,0.9796784
100003421680,True Positive,0.9781194
100004840386,True Positive,0.9760418
301075238101,True Positive,0.97494966
100004173436,True Positive,0.97387755
100004220591,True Positive,0.9735622
301024116104,True Positive,0.9721801
201048053100,True Positive,0.97133696
100002902443,True Positive,0.9707356
100004363638,True Positive,0.96668774
100005692800,True Positive,0.9591842
100005582680,True Positive,0.93575567
100005541263,True Positive,0.9176365
401003209101,True Positive,0.87628347
100004688199,True Negative,0.3388289
100002491182,True Negative,0.26916957
100005292573,True Negative,0.2358173
100001306322,True Negative,0.21768689
100004593280,True Negative,0.19789027
100005693063,True Negative,0.17403969
100004129563,True Negative,0.17096499
100004599725,True Negative,0.1540494
100001771213,True Negative,0.15250395
100004134339,True Negative,0.14307417
100004220396,True Negative,0.13174236
100003328333,True Negative,0.12270689
301045595109,True Negative,0.09034814
100004220529,True Negative,0.084800884
100005291805,True Negative,0.08452658
100006210473,True Negative,0.08223967
100005292986,True Negative,0.07962065
100003252500,True Negative,0.07431417
100004593334,True Negative,0.06937092
100006014192,True Negative,0.067729704
100005292690,True Negative,0.066896394
100004379592,True Negative,0.058286935
100005291775,True Negative,0.054038838
100001602336,True Negative,0.053653423
100002452620,True Negative,0.05358715
100004173450,True Negative,0.051717494
100001570104,True Negative,0.050307367
100004272463,True Negative,0.04981419
100001804085,True Negative,0.047927883
100004269956,True Negative,0.047886528
100005292380,True Negative,0.047756523
100001440075,True Negative,0.047112092
100005292329,True Negative,0.04583513
100005292457,True Negative,0.044948895
100004554699,True Negative,0.044492245
100005619288,True Negative,0.04075642
100005407418,True Negative,0.03981413
100003442191,True Negative,0.03971431
100003442178,True Negative,0.03482353
100005181337,True Negative,0.034628097
100005137427,True Negative,0.033776574
100004269920,True Negative,0.033408437
100005137452,True Negative,0.03285098
100005166439,True Negative,0.031310197
100004220566,True Negative,0.030379051
100004220475,True Negative,0.030316414
100005392117,True Negative,0.029254798
100002428770,True Negative,0.028569536
100003361452,True Negative,0.028296446
100004269889,True Negative,0.027950928
100004593279,True Negative,0.027036563
100004220505,True Negative,0.026900806
100003441496,True Negative,0.026035916
100004220438,True Negative,0.025948547
100001804073,True Negative,0.02464214
100005407406,True Negative,0.023430532
100005571474,True Negative,0.022641959
100002452607,True Negative,0.021553755
100005983752,True Negative,0.020865811
100001031850,True Negative,0.020707084
100004269865,True Negative,0.020617085
100004269907,True Negative,0.01859909
100004494356,True Negative,0.018440373
100003162273,True Negative,0.018332267
100003648388,True Negative,0.01707535
100000706043,True Negative,0.016829798
100005949203,True Negative,0.01578565
100002004040,True Negative,0.015503641
100005292342,True Negative,0.015299313
100004204135,True Negative,0.014660968
100001393206,True Negative,0.014658474
100003442166,True Negative,0.014554819
100000649606,True Negative,0.014482467
100005535810,True Negative,0.013470163
100001670147,True Negative,0.012251808
100005671778,True Negative,0.012159415
100005166476,True Negative,0.01213189
100005630375,True Negative,0.011557577
100006223807,True Negative,0.011549997
214120301100,True Negative,0.011480756
100001821253,True Negative,0.011409014
100001710339,True Negative,0.01109456
100004173448,True Negative,0.011044668
100004366913,True Negative,0.011040075
100003876671,True Negative,0.010998757
100003876701,True Negative,0.010595608
100005292962,True Negative,0.010471096
100005292998,True Negative,0.010439942
100005547812,True Negative,0.010112554
100004872429,True Negative,0.009724737
100002811899,True Negative,0.009468972
100005166427,True Negative,0.009392289
100002012309,True Negative,0.009383876
100002648411,True Negative,0.009288509
100004111820,True Negative,0.009231119
100002183463,True Negative,0.009097451
100006015410,True Negative,0.008812721
100004950131,True Negative,0.008692098
201166979103,True Negative,0.008668414
100000927618,True Negative,0.008544315
100005958216,True Negative,0.008476506
100000821294,True Negative,0.008430869
100005292913,True Negative,0.008388069
100001141965,True Negative,0.008267179
100004593292,True Negative,0.008071889
100006037696,True Negative,0.008050555
100005253087,True Negative,0.007883805
100004789095,True Negative,0.007710667
100003007528,True Negative,0.007616566
100000023146,True Negative,0.007517989
100002471754,True Negative,0.007488902
100001362404,True Negative,0.007381661
100006037684,True Negative,0.007275182
100005126107,True Negative,0.007096220
100002012140,True Negative,0.006973437
100006057208,True Negative,0.006899240
100005550872,True Negative,0.006896228
100003132396,True Negative,0.006748198
100000821051,True Negative,0.006745101
100004951445,True Negative,0.006690046
100005972432,True Negative,0.006634369
100005630351,True Negative,0.006610215
100004951457,True Negative,0.006586027
100004951408,True Negative,0.006586027
100004951433,True Negative,0.006556996
100003965011,True Negative,0.006486001
100005151606,True Negative,0.006440864
100005291921,True Negative,0.006388527
100005291910,True Negative,0.006388527
100001341139,True Negative,0.006255465
100006158888,True Negative,0.006241777
100004593358,True Negative,0.006198337
100001881031,True Negative,0.006168083
100000833181,True Negative,0.006121757
100003132359,True Negative,0.005933864
100005372489,True Negative,0.005878825
100000328929,True Negative,0.005877866
100003965023,True Negative,0.005876696
100000821191,True Negative,0.005866946
100005303650,True Negative,0.005837810
100006015421,True Negative,0.005769618
100000611690,True Negative,0.005734957
100005630387,True Negative,0.005734761
100005096190,True Negative,0.005713582
100003628596,True Negative,0.005710852
100002171370,True Negative,0.005654691
100005319086,True Negative,0.005628778
100002597464,True Negative,0.005571938
100003105940,True Negative,0.005526510
100001391982,True Negative,0.005462851
100004768584,True Negative,0.005407218
100003876683,True Negative,0.005344457
100005292664,True Negative,0.005338165
100003486443,True Negative,0.005324795
100005946123,True Negative,0.005250434
100002971714,True Negative,0.005133283
100002459729,True Negative,0.005123926
100000821324,True Negative,0.005123785
201088662100,True Negative,0.005005093
100005291817,True Negative,0.004972993
100004857581,True Negative,0.004968156
100004827990,True Negative,0.004943326
100000106908,True Negative,0.004920645
100006061947,True Negative,0.004824181
100002035942,True Negative,0.004823215
100002731004,True Negative,0.004822391
100001700851,True Negative,0.004789459
100003876774,True Negative,0.004765355
100003876750,True Negative,0.004765355
100003876749,True Negative,0.004765355
100003876713,True Negative,0.004765355
100005294491,True Negative,0.004724132
100002144445,True Negative,0.004659564
100003083415,True Negative,0.004631806
100005520820,True Negative,0.004579623
100001676010,True Negative,0.00449712
100005312997,True Negative,0.004472968
100001431566,True Negative,0.004469668
100001804061,True Negative,0.004444299
100003564041,True Negative,0.004382927
100005291799,True Negative,0.004355952
100000821178,True Negative,0.004343727
100005742967,True Negative,0.004322533
100005964850,True Negative,0.004285235
100000821087,True Negative,0.004283001
100003078171,True Negative,0.004216168
100002885901,True Negative,0.004214093
100004655868,True Negative,0.004213701
100000821257,True Negative,0.004154048
100005571504,True Negative,0.004131303
100004801563,True Negative,0.004113737
100005073425,True Negative,0.004070917
100004951410,True Negative,0.004019623
100003098110,True Negative,0.003985861
100003418292,True Negative,0.003973243
100000821117,True Negative,0.003965859
100006037702,True Negative,0.003920961
100001662886,True Negative,0.003904464
100005920183,True Negative,0.003904187
100004000645,True Negative,0.003896316
100005790330,True Negative,0.003856798
100003876658,True Negative,0.003833397
204136025102,True Negative,0.003832482
100004140959,True Negative,0.003819910
100001961166,True Negative,0.003803311
100001894268,True Negative,0.003751689
100005557131,True Negative,0.003721612
100003563528,True Negative,0.003683113
100000821269,True Negative,0.003682534
204132048107,True Negative,0.003678685
100003225726,True Negative,0.003668120
205146257100,True Negative,0.003667414
100001836001,True Negative,0.003594972
100000821221,True Negative,0.003589591
100001919332,True Negative,0.003534929
100001663260,True Negative,0.003513274
100000821233,True Negative,0.003483537
100005319116,True Negative,0.003448764
100001761013,True Negative,0.003444040
201107015108,True Negative,0.003398157
100000804508,True Negative,0.003383479
100004473687,True Negative,0.003379133
100005805450,True Negative,0.003371376
100005902491,True Negative,0.003320835
100003919141,True Negative,0.003317111
100005964897,True Negative,0.003281960
100004761395,True Negative,0.003236211
100005557143,True Negative,0.003227336
100004593553,True Negative,0.003218762
100003644486,True Negative,0.003209699
100001967715,True Negative,0.003192792
100005277055,True Negative,0.003169364
100005293024,True Negative,0.003153176
100001943541,True Negative,0.003123923
100005765748,True Negative,0.003094910
100003000054,True Negative,0.003058320
100002183475,True Negative,0.003043038
100003279863,True Negative,0.002989759
100002490980,True Negative,0.002983843
100000420500,True Negative,0.002966946
100000617691,True Negative,0.002953043
100004719949,True Negative,0.002916450
205150724106,True Negative,0.002904438
100005814322,True Negative,0.002877398
100005571498,True Negative,0.002873839
100004109825,True Negative,0.002834955
100005292305,True Negative,0.00282588
100004466804,True Negative,0.002810213
100001273780,True Negative,0.002801622
100003666240,True Negative,0.002793106
100003007541,True Negative,0.002789955
100001691849,True Negative,0.002753230
100005707360,True Negative,0.002749139
100000821336,True Negative,0.002745445
100005291830,True Negative,0.002721988
100005199603,True Negative,0.002668004
100005557155,True Negative,0.002644016
100003030319,True Negative,0.002639048
100005165540,True Negative,0.002631445
100005165502,True Negative,0.002631445
100004802816,True Negative,0.002631445
100005292950,True Negative,0.002606936
100004331340,True Negative,0.00260511
100005965002,True Negative,0.002587479
100006240623,True Negative,0.002575718
100006231142,True Negative,0.002575718
100004246105,True Negative,0.002575718
100005301069,True Negative,0.002573555
100000786129,True Negative,0.00252687
201088668102,True Negative,0.002493929
100005292925,True Negative,0.002393600
100005946135,True Negative,0.002369296
100005790342,True Negative,0.002369296
100004173424,True Negative,0.002356950
100005930395,True Negative,0.002356787
100001733560,True Negative,0.002311629
100004371209,True Negative,0.002305288
100004272049,True Negative,0.002193941
100000789519,True Negative,0.002155741
100005291854,True Negative,0.002155020
100004878080,True Negative,0.002150739
100005204027,True Negative,0.002130217
100004928897,True Negative,0.002096656
100004966199,True Negative,0.002094334
100004591489,True Negative,0.002065536
100005293012,True Negative,0.002053108
100005294510,True Negative,0.002029966
100000664577,True Negative,0.002018806
100004685277,True Negative,0.002006630
100005291878,True Negative,0.002003985
100005291866,True Negative,0.002003985
100005291829,True Negative,0.002003985
100004591453,True Negative,0.001975604
100004768602,True Negative,0.001968989
100005165526,True Negative,0.001964905
100004511408,True Negative,0.001933943
100000648651,True Negative,0.001914457
100004903803,True Negative,0.001892255
100000821166,True Negative,0.001877629
100004528846,True Negative,0.001853798
100000597035,False Positive,0.5312707
100004621524,False Negative,0.4392093
100004532229,False Negative,0.15988095
100003441514,False Negative,0.072605334
