{
"meta":{"test_sets":[],"test_metrics":[],"learn_metrics":[{"best_value":"Min","name":"Logloss"}],"launch_mode":"Train","parameters":"","iteration_count":1000,"learn_sets":["learn"],"name":"experiment"},
"iterations":[
{"learn":[0.6879637288],"iteration":0,"passed_time":0.007116631917,"remaining_time":7.109515285},
{"learn":[0.6826992262],"iteration":1,"passed_time":0.01086081785,"remaining_time":5.419548106},
{"learn":[0.6785075025],"iteration":2,"passed_time":0.01467988342,"remaining_time":4.878614589},
{"learn":[0.6733162831],"iteration":3,"passed_time":0.01851692907,"remaining_time":4.61071534},
{"learn":[0.6686858205],"iteration":4,"passed_time":0.02250766458,"remaining_time":4.479025251},
{"learn":[0.6642026192],"iteration":5,"passed_time":0.02605712161,"remaining_time":4.31679648},
{"learn":[0.6591509186],"iteration":6,"passed_time":0.02971159833,"remaining_time":4.214802448},
{"learn":[0.6554448985],"iteration":7,"passed_time":0.03340755762,"remaining_time":4.142537145},
{"learn":[0.6510700778],"iteration":8,"passed_time":0.03698158876,"remaining_time":4.072083829},
{"learn":[0.6469127984],"iteration":9,"passed_time":0.04072819532,"remaining_time":4.032091337},
{"learn":[0.6425739468],"iteration":10,"passed_time":0.04425573648,"remaining_time":3.978993035},
{"learn":[0.6382050909],"iteration":11,"passed_time":0.04797194408,"remaining_time":3.949690063},
{"learn":[0.6333755965],"iteration":12,"passed_time":0.05194336138,"remaining_time":3.943699822},
{"learn":[0.6293486506],"iteration":13,"passed_time":0.05499229596,"remaining_time":3.873028844},
{"learn":[0.6256032839],"iteration":14,"passed_time":0.05843751856,"remaining_time":3.837397052},
{"learn":[0.6218221709],"iteration":15,"passed_time":0.06044918393,"remaining_time":3.717624812},
{"learn":[0.6169214949],"iteration":16,"passed_time":0.06235994336,"remaining_time":3.605872019},
{"learn":[0.6135076059],"iteration":17,"passed_time":0.06614241685,"remaining_time":3.608436297},
{"learn":[0.6101934832],"iteration":18,"passed_time":0.06816477438,"remaining_time":3.51945493},
{"learn":[0.6068646991],"iteration":19,"passed_time":0.07003962617,"remaining_time":3.431941683},
{"learn":[0.6032726902],"iteration":20,"passed_time":0.07200608809,"remaining_time":3.35685525},
{"learn":[0.5997441003],"iteration":21,"passed_time":0.07388978083,"remaining_time":3.284736621},
{"learn":[0.5959870067],"iteration":22,"passed_time":0.07757681493,"remaining_time":3.295328182},
{"learn":[0.5921694189],"iteration":23,"passed_time":0.08116451502,"remaining_time":3.300690278},
{"learn":[0.5881259591],"iteration":24,"passed_time":0.08370973782,"remaining_time":3.264679775},
{"learn":[0.5843779121],"iteration":25,"passed_time":0.08716905301,"remaining_time":3.265486832},
{"learn":[0.5810774059],"iteration":26,"passed_time":0.08984136519,"remaining_time":3.237616605},
{"learn":[0.5779280299],"iteration":27,"passed_time":0.09152177208,"remaining_time":3.177112945},
{"learn":[0.5737010634],"iteration":28,"passed_time":0.09362286834,"remaining_time":3.134751902},
{"learn":[0.570821256],"iteration":29,"passed_time":0.09655983231,"remaining_time":3.122101245},
{"learn":[0.5676461305],"iteration":30,"passed_time":0.09999661062,"remaining_time":3.125700506},
{"learn":[0.5644472634],"iteration":31,"passed_time":0.1019215639,"remaining_time":3.083127309},
{"learn":[0.5610583992],"iteration":32,"passed_time":0.1046547626,"remaining_time":3.066701679},
{"learn":[0.557673038],"iteration":33,"passed_time":0.1067325755,"remaining_time":3.032460822},
{"learn":[0.5554127728],"iteration":34,"passed_time":0.1080643251,"remaining_time":2.97948782},
{"learn":[0.5519247237],"iteration":35,"passed_time":0.1102312229,"remaining_time":2.951747191},
{"learn":[0.5487877867],"iteration":36,"passed_time":0.1121699876,"remaining_time":2.9194513},
{"learn":[0.5453154781],"iteration":37,"passed_time":0.1138213356,"remaining_time":2.881476969},
{"learn":[0.5420401876],"iteration":38,"passed_time":0.1165949461,"remaining_time":2.873019057},
{"learn":[0.5384313092],"iteration":39,"passed_time":0.118263602,"remaining_time":2.838326448},
{"learn":[0.5354755822],"iteration":40,"passed_time":0.1199258603,"remaining_time":2.805095122},
{"learn":[0.5321545053],"iteration":41,"passed_time":0.1214591169,"remaining_time":2.770424619},
{"learn":[0.5291669403],"iteration":42,"passed_time":0.1229990793,"remaining_time":2.737444625},
{"learn":[0.526673498],"iteration":43,"passed_time":0.125880789,"remaining_time":2.735046234},
{"learn":[0.5235218872],"iteration":44,"passed_time":0.1275160777,"remaining_time":2.706174537},
{"learn":[0.5205343462],"iteration":45,"passed_time":0.1291254976,"remaining_time":2.677950538},
{"learn":[0.5181190197],"iteration":46,"passed_time":0.1306930994,"remaining_time":2.650011144},
{"learn":[0.5143869633],"iteration":47,"passed_time":0.1323314988,"remaining_time":2.624574726},
{"learn":[0.5115617859],"iteration":48,"passed_time":0.13444496,"remaining_time":2.609329734},
{"learn":[0.5085456543],"iteration":49,"passed_time":0.1369440738,"remaining_time":2.601937403},
{"learn":[0.5059185259],"iteration":50,"passed_time":0.1396471542,"remaining_time":2.59853234},
{"learn":[0.5027867612],"iteration":51,"passed_time":0.1412798991,"remaining_time":2.575641238},
{"learn":[0.4996882686],"iteration":52,"passed_time":0.1443414855,"remaining_time":2.579082769},
{"learn":[0.4968152134],"iteration":53,"passed_time":0.1461996802,"remaining_time":2.561201804},
{"learn":[0.4941082019],"iteration":54,"passed_time":0.1492104677,"remaining_time":2.563707128},
{"learn":[0.4912922747],"iteration":55,"passed_time":0.1521418118,"remaining_time":2.564676256},
{"learn":[0.4889470434],"iteration":56,"passed_time":0.1544399374,"remaining_time":2.555032648},
{"learn":[0.48683467],"iteration":57,"passed_time":0.1565407421,"remaining_time":2.542437569},
{"learn":[0.4844945761],"iteration":58,"passed_time":0.1582665167,"remaining_time":2.524216817},
{"learn":[0.4821835772],"iteration":59,"passed_time":0.1599258782,"remaining_time":2.505505424},
{"learn":[0.479357448],"iteration":60,"passed_time":0.1615393319,"remaining_time":2.486646437},
{"learn":[0.4762605239],"iteration":61,"passed_time":0.1632023295,"remaining_time":2.469093308},
{"learn":[0.4732050515],"iteration":62,"passed_time":0.1648188258,"remaining_time":2.451353013},
{"learn":[0.4710470502],"iteration":63,"passed_time":0.1664568986,"remaining_time":2.434432142},
{"learn":[0.4684582173],"iteration":64,"passed_time":0.1682819135,"remaining_time":2.420670602},
{"learn":[0.4661495094],"iteration":65,"passed_time":0.1702444557,"remaining_time":2.409216995},
{"learn":[0.4634260373],"iteration":66,"passed_time":0.1723728743,"remaining_time":2.400356593},
{"learn":[0.460418325],"iteration":67,"passed_time":0.1741358677,"remaining_time":2.386685715},
{"learn":[0.4585222732],"iteration":68,"passed_time":0.1762421043,"remaining_time":2.377991292},
{"learn":[0.4558574861],"iteration":69,"passed_time":0.1780570282,"remaining_time":2.365614803},
{"learn":[0.4535451677],"iteration":70,"passed_time":0.1801296079,"remaining_time":2.356907123},
{"learn":[0.4515391597],"iteration":71,"passed_time":0.1817646533,"remaining_time":2.34274442},
{"learn":[0.4492772033],"iteration":72,"passed_time":0.183700126,"remaining_time":2.332739956},
{"learn":[0.4468938146],"iteration":73,"passed_time":0.1857192795,"remaining_time":2.324000714},
{"learn":[0.4445928062],"iteration":74,"passed_time":0.1872014558,"remaining_time":2.308817954},
{"learn":[0.4424540923],"iteration":75,"passed_time":0.1888944515,"remaining_time":2.296558857},
{"learn":[0.4400607942],"iteration":76,"passed_time":0.1907504163,"remaining_time":2.286527717},
{"learn":[0.4380189226],"iteration":77,"passed_time":0.1929523896,"remaining_time":2.280796195},
{"learn":[0.4360813485],"iteration":78,"passed_time":0.1945478216,"remaining_time":2.268082831},
{"learn":[0.4334367273],"iteration":79,"passed_time":0.1963214252,"remaining_time":2.25769639},
{"learn":[0.4311799019],"iteration":80,"passed_time":0.1984068939,"remaining_time":2.251060932},
{"learn":[0.4294785267],"iteration":81,"passed_time":0.2004385737,"remaining_time":2.243934276},
{"learn":[0.4274471393],"iteration":82,"passed_time":0.2021346877,"remaining_time":2.233222996},
{"learn":[0.42513194],"iteration":83,"passed_time":0.2038869213,"remaining_time":2.223338332},
{"learn":[0.4227201613],"iteration":84,"passed_time":0.2053719442,"remaining_time":2.210768575},
{"learn":[0.4200885539],"iteration":85,"passed_time":0.2072585815,"remaining_time":2.202724924},
{"learn":[0.4184114235],"iteration":86,"passed_time":0.2088439892,"remaining_time":2.191661634},
{"learn":[0.4163427542],"iteration":87,"passed_time":0.2103576943,"remaining_time":2.18007065},
{"learn":[0.4144268232],"iteration":88,"passed_time":0.2119284669,"remaining_time":2.169290263},
{"learn":[0.4129336204],"iteration":89,"passed_time":0.2135541,"remaining_time":2.159269234},
{"learn":[0.4105380271],"iteration":90,"passed_time":0.2170723894,"remaining_time":2.168338483},
{"learn":[0.4084129162],"iteration":91,"passed_time":0.2198263262,"remaining_time":2.169590263},
{"learn":[0.4063880408],"iteration":92,"passed_time":0.2219882185,"remaining_time":2.164981873},
{"learn":[0.4044879198],"iteration":93,"passed_time":0.2234645629,"remaining_time":2.153818021},
{"learn":[0.402575491],"iteration":94,"passed_time":0.225010645,"remaining_time":2.14352246},
{"learn":[0.4008050595],"iteration":95,"passed_time":0.2265304835,"remaining_time":2.133162053},
{"learn":[0.3988308448],"iteration":96,"passed_time":0.2281403257,"remaining_time":2.123821795},
{"learn":[0.3974078583],"iteration":97,"passed_time":0.229824461,"remaining_time":2.115323101},
{"learn":[0.3958770313],"iteration":98,"passed_time":0.2319381243,"remaining_time":2.110871212},
{"learn":[0.3943228696],"iteration":99,"passed_time":0.2336077723,"remaining_time":2.102469951},
{"learn":[0.3923940278],"iteration":100,"passed_time":0.2356333963,"remaining_time":2.097370528},
{"learn":[0.3905100359],"iteration":101,"passed_time":0.2381574847,"remaining_time":2.096719817},
{"learn":[0.3891057781],"iteration":102,"passed_time":0.2397636737,"remaining_time":2.088038984},
{"learn":[0.3874146976],"iteration":103,"passed_time":0.2413453118,"remaining_time":2.079282686},
{"learn":[0.3860711076],"iteration":104,"passed_time":0.2428018608,"remaining_time":2.069596813},
{"learn":[0.384550861],"iteration":105,"passed_time":0.2443438126,"remaining_time":2.060786495},
{"learn":[0.3825347574],"iteration":106,"passed_time":0.2470948758,"remaining_time":2.062203029},
{"learn":[0.381368905],"iteration":107,"passed_time":0.2488578389,"remaining_time":2.05538141},
{"learn":[0.3798833036],"iteration":108,"passed_time":0.2514056167,"remaining_time":2.055067931},
{"learn":[0.3783742544],"iteration":109,"passed_time":0.2530608545,"remaining_time":2.047492368},
{"learn":[0.3770853443],"iteration":110,"passed_time":0.255933613,"remaining_time":2.049774612},
{"learn":[0.3753951126],"iteration":111,"passed_time":0.2587774366,"remaining_time":2.05173539},
{"learn":[0.3742494171],"iteration":112,"passed_time":0.2615789714,"remaining_time":2.053279183},
{"learn":[0.3730923964],"iteration":113,"passed_time":0.2642760868,"remaining_time":2.053935201},
{"learn":[0.3712793401],"iteration":114,"passed_time":0.2664872561,"remaining_time":2.050793232},
{"learn":[0.3700306462],"iteration":115,"passed_time":0.2685087564,"remaining_time":2.046221902},
{"learn":[0.3687631507],"iteration":116,"passed_time":0.2702131671,"remaining_time":2.039301081},
{"learn":[0.3671772645],"iteration":117,"passed_time":0.2723188774,"remaining_time":2.035468219},
{"learn":[0.3657905284],"iteration":118,"passed_time":0.2744229718,"remaining_time":2.031652421},
{"learn":[0.3640531539],"iteration":119,"passed_time":0.2765838161,"remaining_time":2.028281318},
{"learn":[0.362685954],"iteration":120,"passed_time":0.278347209,"remaining_time":2.022042948},
{"learn":[0.361576702],"iteration":121,"passed_time":0.280284202,"remaining_time":2.01712729},
{"learn":[0.3602347506],"iteration":122,"passed_time":0.2829564612,"remaining_time":2.017502573},
{"learn":[0.3587452438],"iteration":123,"passed_time":0.2845972869,"remaining_time":2.010542124},
{"learn":[0.3572419236],"iteration":124,"passed_time":0.2863046455,"remaining_time":2.004132518},
{"learn":[0.3559398872],"iteration":125,"passed_time":0.2879478804,"remaining_time":1.997352758},
{"learn":[0.3541678146],"iteration":126,"passed_time":0.2896211911,"remaining_time":1.990860629},
{"learn":[0.3522462164],"iteration":127,"passed_time":0.2928065843,"remaining_time":1.994744855},
{"learn":[0.3508173858],"iteration":128,"passed_time":0.2959987063,"remaining_time":1.998564909},
{"learn":[0.3498775931],"iteration":129,"passed_time":0.2992856506,"remaining_time":2.002911662},
{"learn":[0.348613344],"iteration":130,"passed_time":0.3020285649,"remaining_time":2.003532999},
{"learn":[0.3469616953],"iteration":131,"passed_time":0.3038235064,"remaining_time":1.997869724},
{"learn":[0.3459442465],"iteration":132,"passed_time":0.3057778169,"remaining_time":1.993303513},
{"learn":[0.3450498258],"iteration":133,"passed_time":0.3075892949,"remaining_time":1.987853204},
{"learn":[0.3440078461],"iteration":134,"passed_time":0.3093852295,"remaining_time":1.982357211},
{"learn":[0.3430318789],"iteration":135,"passed_time":0.3118112879,"remaining_time":1.98091877},
{"learn":[0.3420693475],"iteration":136,"passed_time":0.3136353448,"remaining_time":1.975673741},
{"learn":[0.3410513623],"iteration":137,"passed_time":0.3152376235,"remaining_time":1.969092982},
{"learn":[0.3399521276],"iteration":138,"passed_time":0.3168416257,"remaining_time":1.96259453},
{"learn":[0.3388727501],"iteration":139,"passed_time":0.3193179494,"remaining_time":1.961524547},
{"learn":[0.3377082227],"iteration":140,"passed_time":0.3213230203,"remaining_time":1.957563649},
{"learn":[0.3363628395],"iteration":141,"passed_time":0.3229748331,"remaining_time":1.951495822},
{"learn":[0.3355306442],"iteration":142,"passed_time":0.3246761538,"remaining_time":1.94578646},
{"learn":[0.3342971982],"iteration":143,"passed_time":0.3262542201,"remaining_time":1.939400086},
{"learn":[0.3335643402],"iteration":144,"passed_time":0.3275370126,"remaining_time":1.931338937},
{"learn":[0.3327329767],"iteration":145,"passed_time":0.3292829981,"remaining_time":1.926080003},
{"learn":[0.3314364065],"iteration":146,"passed_time":0.3310273241,"remaining_time":1.920859235},
{"learn":[0.3304585932],"iteration":147,"passed_time":0.3326503553,"remaining_time":1.914987181},
{"learn":[0.3294913757],"iteration":148,"passed_time":0.3342446892,"remaining_time":1.909008258},
{"learn":[0.3282956076],"iteration":149,"passed_time":0.3368778835,"remaining_time":1.908974673},
{"learn":[0.3274341506],"iteration":150,"passed_time":0.3398201683,"remaining_time":1.910644522},
{"learn":[0.3263029208],"iteration":151,"passed_time":0.3424011742,"remaining_time":1.91023813},
{"learn":[0.3245546632],"iteration":152,"passed_time":0.344073631,"remaining_time":1.90477363},
{"learn":[0.3236077525],"iteration":153,"passed_time":0.3461234154,"remaining_time":1.90143123},
{"learn":[0.3227798658],"iteration":154,"passed_time":0.3478032524,"remaining_time":1.896088699},
{"learn":[0.3218455555],"iteration":155,"passed_time":0.3495622025,"remaining_time":1.891221147},
{"learn":[0.3206545254],"iteration":156,"passed_time":0.3517961799,"remaining_time":1.88894382},
{"learn":[0.3194361904],"iteration":157,"passed_time":0.3534607935,"remaining_time":1.883632836},
{"learn":[0.3180134706],"iteration":158,"passed_time":0.3552303341,"remaining_time":1.87892271},
{"learn":[0.3169896909],"iteration":159,"passed_time":0.3568291333,"remaining_time":1.87335295},
{"learn":[0.3161630355],"iteration":160,"passed_time":0.3583463468,"remaining_time":1.86740736},
{"learn":[0.3154231819],"iteration":161,"passed_time":0.3600753708,"remaining_time":1.862612103},
{"learn":[0.3139829332],"iteration":162,"passed_time":0.3622801401,"remaining_time":1.860297407},
{"learn":[0.3130987897],"iteration":163,"passed_time":0.3652122993,"remaining_time":1.861691965},
{"learn":[0.3119274985],"iteration":164,"passed_time":0.366986868,"remaining_time":1.857175969},
{"learn":[0.310500368],"iteration":165,"passed_time":0.369854665,"remaining_time":1.858185486},
{"learn":[0.3095113719],"iteration":166,"passed_time":0.3717653369,"remaining_time":1.854374405},
{"learn":[0.3083250155],"iteration":167,"passed_time":0.3737894273,"remaining_time":1.85114764},
{"learn":[0.3073855021],"iteration":168,"passed_time":0.3756878351,"remaining_time":1.847317106},
{"learn":[0.3064416936],"iteration":169,"passed_time":0.3774300206,"remaining_time":1.842746571},
{"learn":[0.3051566614],"iteration":170,"passed_time":0.3796970055,"remaining_time":1.840753319},
{"learn":[0.3040795018],"iteration":171,"passed_time":0.3819942848,"remaining_time":1.83890272},
{"learn":[0.3031937222],"iteration":172,"passed_time":0.3836903998,"remaining_time":1.834173183},
{"learn":[0.3021293753],"iteration":173,"passed_time":0.386370043,"remaining_time":1.834147445},
{"learn":[0.3012161249],"iteration":174,"passed_time":0.388607266,"remaining_time":1.832005682},
{"learn":[0.2999786426],"iteration":175,"passed_time":0.3909158541,"remaining_time":1.830196953},
{"learn":[0.298911845],"iteration":176,"passed_time":0.3936855923,"remaining_time":1.830526794},
{"learn":[0.2980000037],"iteration":177,"passed_time":0.3959847928,"remaining_time":1.828648875},
{"learn":[0.2969789269],"iteration":178,"passed_time":0.3977800837,"remaining_time":1.824455021},
{"learn":[0.2963115255],"iteration":179,"passed_time":0.3996225083,"remaining_time":1.820502538},
{"learn":[0.2953391399],"iteration":180,"passed_time":0.4023677429,"remaining_time":1.820658461},
{"learn":[0.2945742705],"iteration":181,"passed_time":0.4055902634,"remaining_time":1.822927668},
{"learn":[0.293846108],"iteration":182,"passed_time":0.4076908949,"remaining_time":1.820128203},
{"learn":[0.2930375639],"iteration":183,"passed_time":0.410551066,"remaining_time":1.820704727},
{"learn":[0.2922829567],"iteration":184,"passed_time":0.4131581943,"remaining_time":1.820129343},
{"learn":[0.2915068304],"iteration":185,"passed_time":0.4152436762,"remaining_time":1.817249207},
{"learn":[0.2903407292],"iteration":186,"passed_time":0.4186430701,"remaining_time":1.820089925},
{"learn":[0.2897109411],"iteration":187,"passed_time":0.4209992284,"remaining_time":1.818358369},
{"learn":[0.2889513961],"iteration":188,"passed_time":0.4228529221,"remaining_time":1.814464126},
{"learn":[0.2884435376],"iteration":189,"passed_time":0.424883163,"remaining_time":1.811344011},
{"learn":[0.2874318071],"iteration":190,"passed_time":0.4272709268,"remaining_time":1.809749632},
{"learn":[0.2864893352],"iteration":191,"passed_time":0.429751609,"remaining_time":1.808538021},
{"learn":[0.2857152174],"iteration":192,"passed_time":0.4319355805,"remaining_time":1.806072609},
{"learn":[0.2848975548],"iteration":193,"passed_time":0.4346735858,"remaining_time":1.805911908},
{"learn":[0.2842307875],"iteration":194,"passed_time":0.43781848,"remaining_time":1.807404494},
{"learn":[0.2836408965],"iteration":195,"passed_time":0.4398947442,"remaining_time":1.804466196},
{"learn":[0.2830510854],"iteration":196,"passed_time":0.443126402,"remaining_time":1.806246197},
{"learn":[0.2822057221],"iteration":197,"passed_time":0.4454685013,"remaining_time":1.804372414},
{"learn":[0.2815396644],"iteration":198,"passed_time":0.4476599212,"remaining_time":1.801887421},
{"learn":[0.2807779596],"iteration":199,"passed_time":0.4507782021,"remaining_time":1.803112808},
{"learn":[0.2800556727],"iteration":200,"passed_time":0.4536091226,"remaining_time":1.803152681},
{"learn":[0.2793948116],"iteration":201,"passed_time":0.4568320038,"remaining_time":1.804712569},
{"learn":[0.2787245802],"iteration":202,"passed_time":0.4596989493,"remaining_time":1.804827894},
{"learn":[0.2778098662],"iteration":203,"passed_time":0.4617778954,"remaining_time":1.801839239},
{"learn":[0.2773176614],"iteration":204,"passed_time":0.4641796803,"remaining_time":1.800111443},
{"learn":[0.2761360189],"iteration":205,"passed_time":0.4675060173,"remaining_time":1.801940669},
{"learn":[0.2752051572],"iteration":206,"passed_time":0.4694142165,"remaining_time":1.798287312},
{"learn":[0.2745268903],"iteration":207,"passed_time":0.4716361896,"remaining_time":1.795845491},
{"learn":[0.2740616253],"iteration":208,"passed_time":0.4741159119,"remaining_time":1.794381274},
{"learn":[0.2733246464],"iteration":209,"passed_time":0.4764389761,"remaining_time":1.792318053},
{"learn":[0.2720680902],"iteration":210,"passed_time":0.4783356604,"remaining_time":1.788657991},
{"learn":[0.2713937932],"iteration":211,"passed_time":0.480383383,"remaining_time":1.785575971},
{"learn":[0.2706400243],"iteration":212,"passed_time":0.4823094231,"remaining_time":1.782054066},
{"learn":[0.2699452286],"iteration":213,"passed_time":0.4840184856,"remaining_time":1.777750139},
{"learn":[0.2692468874],"iteration":214,"passed_time":0.4875280576,"remaining_time":1.780044303},
{"learn":[0.2681891055],"iteration":215,"passed_time":0.4904248293,"remaining_time":1.780060492},
{"learn":[0.2674411845],"iteration":216,"passed_time":0.4936342556,"remaining_time":1.781177982},
{"learn":[0.2666635215],"iteration":217,"passed_time":0.4960025729,"remaining_time":1.779238587},
{"learn":[0.2658702127],"iteration":218,"passed_time":0.4980695512,"remaining_time":1.776220637},
{"learn":[0.2654758562],"iteration":219,"passed_time":0.4998596657,"remaining_time":1.772229724},
{"learn":[0.2645638875],"iteration":220,"passed_time":0.5020711615,"remaining_time":1.769744049},
{"learn":[0.2638557723],"iteration":221,"passed_time":0.5054809976,"remaining_time":1.771460433},
{"learn":[0.2632029402],"iteration":222,"passed_time":0.5085147439,"remaining_time":1.77182043},
{"learn":[0.2626754894],"iteration":223,"passed_time":0.5108790359,"remaining_time":1.769830946},
{"learn":[0.2615778763],"iteration":224,"passed_time":0.5141118155,"remaining_time":1.770829587},
{"learn":[0.2608194418],"iteration":225,"passed_time":0.5160652314,"remaining_time":1.767409244},
{"learn":[0.2601871814],"iteration":226,"passed_time":0.5195933623,"remaining_time":1.769364181},
{"learn":[0.2593304137],"iteration":227,"passed_time":0.5230085055,"remaining_time":1.770888448},
{"learn":[0.2585833452],"iteration":228,"passed_time":0.5256345393,"remaining_time":1.769712794},
{"learn":[0.2577326776],"iteration":229,"passed_time":0.5275769624,"remaining_time":1.766235918},
{"learn":[0.2572838731],"iteration":230,"passed_time":0.5298596256,"remaining_time":1.763904987},
{"learn":[0.2565011097],"iteration":231,"passed_time":0.532008974,"remaining_time":1.761133155},
{"learn":[0.2560304719],"iteration":232,"passed_time":0.53493898,"remaining_time":1.760936471},
{"learn":[0.2550449629],"iteration":233,"passed_time":0.5372865354,"remaining_time":1.75880977},
{"learn":[0.2542200992],"iteration":234,"passed_time":0.5408227083,"remaining_time":1.760550519},
{"learn":[0.2534281606],"iteration":235,"passed_time":0.5441770237,"remaining_time":1.761657822},
{"learn":[0.2523796283],"iteration":236,"passed_time":0.5463594857,"remaining_time":1.7589548},
{"learn":[0.2516138146],"iteration":237,"passed_time":0.5487662496,"remaining_time":1.756974295},
{"learn":[0.251040891],"iteration":238,"passed_time":0.5514563999,"remaining_time":1.755892554},
{"learn":[0.2505597811],"iteration":239,"passed_time":0.5537230548,"remaining_time":1.75345634},
{"learn":[0.2500286419],"iteration":240,"passed_time":0.5555941417,"remaining_time":1.749775741},
{"learn":[0.2492615133],"iteration":241,"passed_time":0.5587453615,"remaining_time":1.750119769},
{"learn":[0.2489102716],"iteration":242,"passed_time":0.5618258884,"remaining_time":1.750214804},
{"learn":[0.2487197683],"iteration":243,"passed_time":0.5629732746,"remaining_time":1.744294244},
{"learn":[0.248384163],"iteration":244,"passed_time":0.5661875161,"remaining_time":1.744781937},
{"learn":[0.2476479271],"iteration":245,"passed_time":0.5680884779,"remaining_time":1.741214278},
{"learn":[0.2470487318],"iteration":246,"passed_time":0.5700599705,"remaining_time":1.737875133},
{"learn":[0.2463326062],"iteration":247,"passed_time":0.5733641962,"remaining_time":1.738588208},
{"learn":[0.2458489226],"iteration":248,"passed_time":0.5756806081,"remaining_time":1.736289705},
{"learn":[0.2453735478],"iteration":249,"passed_time":0.5787448858,"remaining_time":1.736234657},
{"learn":[0.2446287312],"iteration":250,"passed_time":0.5818556653,"remaining_time":1.736294396},
{"learn":[0.2437107982],"iteration":251,"passed_time":0.585099929,"remaining_time":1.736725186},
{"learn":[0.2431529215],"iteration":252,"passed_time":0.5880475538,"remaining_time":1.736251078},
{"learn":[0.2424053411],"iteration":253,"passed_time":0.5898549015,"remaining_time":1.73240849},
{"learn":[0.2414577112],"iteration":254,"passed_time":0.5932799913,"remaining_time":1.73330821},
{"learn":[0.2407541379],"iteration":255,"passed_time":0.5964706091,"remaining_time":1.733492708},
{"learn":[0.239969398],"iteration":256,"passed_time":0.598161187,"remaining_time":1.729314249},
{"learn":[0.2392100912],"iteration":257,"passed_time":0.6002573047,"remaining_time":1.726321396},
{"learn":[0.238601032],"iteration":258,"passed_time":0.6025463395,"remaining_time":1.723887404},
{"learn":[0.2377417594],"iteration":259,"passed_time":0.6056192645,"remaining_time":1.723685599},
{"learn":[0.2372658551],"iteration":260,"passed_time":0.6089094,"remaining_time":1.724076807},
{"learn":[0.236822477],"iteration":261,"passed_time":0.611981971,"remaining_time":1.723827079},
{"learn":[0.2360081091],"iteration":262,"passed_time":0.6150724965,"remaining_time":1.723606198},
{"learn":[0.235570584],"iteration":263,"passed_time":0.6184143126,"remaining_time":1.724064144},
{"learn":[0.2348546591],"iteration":264,"passed_time":0.6205310753,"remaining_time":1.721095624},
{"learn":[0.234440557],"iteration":265,"passed_time":0.6236851005,"remaining_time":1.720995729},
{"learn":[0.23363437],"iteration":266,"passed_time":0.6270017844,"remaining_time":1.721319505},
{"learn":[0.233137351],"iteration":267,"passed_time":0.6296652959,"remaining_time":1.719832077},
{"learn":[0.2323732219],"iteration":268,"passed_time":0.6322065994,"remaining_time":1.718003807},
{"learn":[0.2316044318],"iteration":269,"passed_time":0.6341401722,"remaining_time":1.714527132},
{"learn":[0.2306826972],"iteration":270,"passed_time":0.635882238,"remaining_time":1.710546685},
{"learn":[0.2300712224],"iteration":271,"passed_time":0.6393223287,"remaining_time":1.711127409},
{"learn":[0.2293644139],"iteration":272,"passed_time":0.6423893522,"remaining_time":1.710685198},
{"learn":[0.2284437529],"iteration":273,"passed_time":0.6447244784,"remaining_time":1.708284567},
{"learn":[0.227806072],"iteration":274,"passed_time":0.6478770552,"remaining_time":1.708039509},
{"learn":[0.2270314221],"iteration":275,"passed_time":0.6507279173,"remaining_time":1.706981928},
{"learn":[0.2263376236],"iteration":276,"passed_time":0.6533733403,"remaining_time":1.705375181},
{"learn":[0.2255986741],"iteration":277,"passed_time":0.6555685956,"remaining_time":1.70259182},
{"learn":[0.2247643011],"iteration":278,"passed_time":0.6587285446,"remaining_time":1.702305665},
{"learn":[0.224341267],"iteration":279,"passed_time":0.6612977981,"remaining_time":1.700480052},
{"learn":[0.2239366049],"iteration":280,"passed_time":0.6634551076,"remaining_time":1.697595097},
{"learn":[0.2233757417],"iteration":281,"passed_time":0.6655197689,"remaining_time":1.694479412},
{"learn":[0.2230503101],"iteration":282,"passed_time":0.6675503658,"remaining_time":1.691284849},
{"learn":[0.2222846988],"iteration":283,"passed_time":0.6704772283,"remaining_time":1.690358083},
{"learn":[0.2215948496],"iteration":284,"passed_time":0.6737294814,"remaining_time":1.690233611},
{"learn":[0.2210959145],"iteration":285,"passed_time":0.6758912639,"remaining_time":1.687364904},
{"learn":[0.2207651442],"iteration":286,"passed_time":0.677781403,"remaining_time":1.683826273},
{"learn":[0.220289252],"iteration":287,"passed_time":0.6799694115,"remaining_time":1.68103549},
{"learn":[0.2197111982],"iteration":288,"passed_time":0.6826524206,"remaining_time":1.679466682},
{"learn":[0.2192838532],"iteration":289,"passed_time":0.6847247017,"remaining_time":1.676394959},
{"learn":[0.2186493989],"iteration":290,"passed_time":0.6872297478,"remaining_time":1.674384506},
{"learn":[0.2181737788],"iteration":291,"passed_time":0.6903316812,"remaining_time":1.673817912},
{"learn":[0.217734032],"iteration":292,"passed_time":0.6924936951,"remaining_time":1.670966015},
{"learn":[0.2171896054],"iteration":293,"passed_time":0.6956924349,"remaining_time":1.670608364},
{"learn":[0.2166380863],"iteration":294,"passed_time":0.6984804258,"remaining_time":1.669249831},
{"learn":[0.2161744002],"iteration":295,"passed_time":0.7019208346,"remaining_time":1.669433336},
{"learn":[0.2157091554],"iteration":296,"passed_time":0.7054669499,"remaining_time":1.669842646},
{"learn":[0.2151370691],"iteration":297,"passed_time":0.7083762479,"remaining_time":1.668725255},
{"learn":[0.2142128358],"iteration":298,"passed_time":0.7115717453,"remaining_time":1.668266868},
{"learn":[0.2139019357],"iteration":299,"passed_time":0.714101306,"remaining_time":1.666236381},
{"learn":[0.2134880593],"iteration":300,"passed_time":0.7161318242,"remaining_time":1.663043672},
{"learn":[0.2130564521],"iteration":301,"passed_time":0.7186823995,"remaining_time":1.661060645},
{"learn":[0.2127315169],"iteration":302,"passed_time":0.7207774167,"remaining_time":1.658025939},
{"learn":[0.2122238255],"iteration":303,"passed_time":0.7228690804,"remaining_time":1.654989737},
{"learn":[0.2113902957],"iteration":304,"passed_time":0.7256819895,"remaining_time":1.653603222},
{"learn":[0.2109431684],"iteration":305,"passed_time":0.7277713764,"remaining_time":1.650566455},
{"learn":[0.2105194104],"iteration":306,"passed_time":0.7302339498,"remaining_time":1.648378264},
{"learn":[0.2100912171],"iteration":307,"passed_time":0.7336448504,"remaining_time":1.64831895},
{"learn":[0.2096059818],"iteration":308,"passed_time":0.7355223605,"remaining_time":1.644808903},
{"learn":[0.2093206385],"iteration":309,"passed_time":0.7373583946,"remaining_time":1.641217072},
{"learn":[0.2089690781],"iteration":310,"passed_time":0.7405527124,"remaining_time":1.64064572},
{"learn":[0.2085639976],"iteration":311,"passed_time":0.7428146615,"remaining_time":1.638001561},
{"learn":[0.2081216422],"iteration":312,"passed_time":0.7461344987,"remaining_time":1.637681791},
{"learn":[0.2073891978],"iteration":313,"passed_time":0.74972414,"remaining_time":1.637932357},
{"learn":[0.2069505538],"iteration":314,"passed_time":0.7533211775,"remaining_time":1.638174624},
{"learn":[0.2065308854],"iteration":315,"passed_time":0.756629845,"remaining_time":1.637768399},
{"learn":[0.2058762929],"iteration":316,"passed_time":0.7586972872,"remaining_time":1.634669549},
{"learn":[0.205614692],"iteration":317,"passed_time":0.7614874942,"remaining_time":1.633127267},
{"learn":[0.2053495579],"iteration":318,"passed_time":0.7647731482,"remaining_time":1.63263484},
{"learn":[0.2047067899],"iteration":319,"passed_time":0.7664615232,"remaining_time":1.628730737},
{"learn":[0.2040889671],"iteration":320,"passed_time":0.7684601576,"remaining_time":1.62549672},
{"learn":[0.2033826608],"iteration":321,"passed_time":0.7710760091,"remaining_time":1.623569982},
{"learn":[0.2029725481],"iteration":322,"passed_time":0.7729673301,"remaining_time":1.620120379},
{"learn":[0.2025552421],"iteration":323,"passed_time":0.7748596753,"remaining_time":1.616682533},
{"learn":[0.2020855313],"iteration":324,"passed_time":0.777722916,"remaining_time":1.615270672},
{"learn":[0.2015425875],"iteration":325,"passed_time":0.7802255671,"remaining_time":1.613104393},
{"learn":[0.2012321937],"iteration":326,"passed_time":0.7820153995,"remaining_time":1.609469003},
{"learn":[0.2005707774],"iteration":327,"passed_time":0.7851674609,"remaining_time":1.608635774},
{"learn":[0.2001725735],"iteration":328,"passed_time":0.7884747538,"remaining_time":1.608105045},
{"learn":[0.1997129638],"iteration":329,"passed_time":0.7908059995,"remaining_time":1.605575817},
{"learn":[0.199225378],"iteration":330,"passed_time":0.7927819073,"remaining_time":1.602329595},
{"learn":[0.1989641113],"iteration":331,"passed_time":0.7958279143,"remaining_time":1.601244117},
{"learn":[0.1984035433],"iteration":332,"passed_time":0.7975620665,"remaining_time":1.597519214},
{"learn":[0.1977662328],"iteration":333,"passed_time":0.8001737672,"remaining_time":1.595556075},
{"learn":[0.1974230933],"iteration":334,"passed_time":0.8029734031,"remaining_time":1.593962129},
{"learn":[0.1970648559],"iteration":335,"passed_time":0.805884638,"remaining_time":1.592581547},
{"learn":[0.1967230392],"iteration":336,"passed_time":0.8078093528,"remaining_time":1.589251041},
{"learn":[0.1963397608],"iteration":337,"passed_time":0.8104948312,"remaining_time":1.587418871},
{"learn":[0.1959739978],"iteration":338,"passed_time":0.8122707831,"remaining_time":1.583808223},
{"learn":[0.1954985],"iteration":339,"passed_time":0.8139341158,"remaining_time":1.579989754},
{"learn":[0.1950440869],"iteration":340,"passed_time":0.8159557089,"remaining_time":1.576876282},
{"learn":[0.1946323059],"iteration":341,"passed_time":0.8175977085,"remaining_time":1.573038866},
{"learn":[0.1941163744],"iteration":342,"passed_time":0.8195014309,"remaining_time":1.569715569},
{"learn":[0.1938070789],"iteration":343,"passed_time":0.8225077994,"remaining_time":1.568503245},
{"learn":[0.193422535],"iteration":344,"passed_time":0.8250371546,"remaining_time":1.566374888},
{"learn":[0.1933047761],"iteration":345,"passed_time":0.827463657,"remaining_time":1.564049803},
{"learn":[0.1930784315],"iteration":346,"passed_time":0.8303589567,"remaining_time":1.562606336},
{"learn":[0.1927475489],"iteration":347,"passed_time":0.8324653751,"remaining_time":1.559676507},
{"learn":[0.1924478535],"iteration":348,"passed_time":0.8343609665,"remaining_time":1.556358135},
{"learn":[0.1920814185],"iteration":349,"passed_time":0.8361248034,"remaining_time":1.552803206},
{"learn":[0.19149772],"iteration":350,"passed_time":0.8384941791,"remaining_time":1.550378126},
{"learn":[0.1908214118],"iteration":351,"passed_time":0.8407356588,"remaining_time":1.547717917},
{"learn":[0.1902740005],"iteration":352,"passed_time":0.8429790896,"remaining_time":1.545063657},
{"learn":[0.1897739105],"iteration":353,"passed_time":0.8452108877,"remaining_time":1.54239049},
{"learn":[0.1892717941],"iteration":354,"passed_time":0.8474638316,"remaining_time":1.539758229},
{"learn":[0.1890447246],"iteration":355,"passed_time":0.8485224283,"remaining_time":1.534967539},
{"learn":[0.1887314472],"iteration":356,"passed_time":0.8502081177,"remaining_time":1.531327226},
{"learn":[0.1881343509],"iteration":357,"passed_time":0.85305822,"remaining_time":1.52978597},
{"learn":[0.1877930687],"iteration":358,"passed_time":0.854997406,"remaining_time":1.526610967},
{"learn":[0.1872962851],"iteration":359,"passed_time":0.856881743,"remaining_time":1.523345321},
{"learn":[0.1870623014],"iteration":360,"passed_time":0.8587168673,"remaining_time":1.520000217},
{"learn":[0.186899885],"iteration":361,"passed_time":0.8606875589,"remaining_time":1.516902383},
{"learn":[0.1863705449],"iteration":362,"passed_time":0.8632513005,"remaining_time":1.514851456},
{"learn":[0.1860068085],"iteration":363,"passed_time":0.8664268857,"remaining_time":1.513866756},
{"learn":[0.1857818533],"iteration":364,"passed_time":0.869438441,"remaining_time":1.512584685},
{"learn":[0.185392649],"iteration":365,"passed_time":0.8713947688,"remaining_time":1.509465255},
{"learn":[0.1849982868],"iteration":366,"passed_time":0.8745772301,"remaining_time":1.508466994},
{"learn":[0.1844519321],"iteration":367,"passed_time":0.8765534863,"remaining_time":1.505385335},
{"learn":[0.1841296202],"iteration":368,"passed_time":0.878565838,"remaining_time":1.502371392},
{"learn":[0.1835859467],"iteration":369,"passed_time":0.8808917649,"remaining_time":1.499896789},
{"learn":[0.1831568777],"iteration":370,"passed_time":0.8826637918,"remaining_time":1.496483895},
{"learn":[0.1829873627],"iteration":371,"passed_time":0.8843458213,"remaining_time":1.492927892},
{"learn":[0.1826631436],"iteration":372,"passed_time":0.8876780519,"remaining_time":1.492155867},
{"learn":[0.1824017581],"iteration":373,"passed_time":0.8895321361,"remaining_time":1.488896035},
{"learn":[0.1819835691],"iteration":374,"passed_time":0.8925814157,"remaining_time":1.487635693},
{"learn":[0.1814774962],"iteration":375,"passed_time":0.8951024942,"remaining_time":1.485489246},
{"learn":[0.181199706],"iteration":376,"passed_time":0.8974285262,"remaining_time":1.483018493},
{"learn":[0.180881875],"iteration":377,"passed_time":0.8994032904,"remaining_time":1.479970494},
{"learn":[0.1805962989],"iteration":378,"passed_time":0.9029397747,"remaining_time":1.479487072},
{"learn":[0.1803133245],"iteration":379,"passed_time":0.9050868791,"remaining_time":1.476720697},
{"learn":[0.1800117929],"iteration":380,"passed_time":0.9070376964,"remaining_time":1.473638672},
{"learn":[0.1796352446],"iteration":381,"passed_time":0.910165178,"remaining_time":1.472466178},
{"learn":[0.179428545],"iteration":382,"passed_time":0.9129044343,"remaining_time":1.470658057},
{"learn":[0.1791490059],"iteration":383,"passed_time":0.9159863698,"remaining_time":1.469394802},
{"learn":[0.1788139036],"iteration":384,"passed_time":0.9181807035,"remaining_time":1.466704241},
{"learn":[0.1784876754],"iteration":385,"passed_time":0.9211807919,"remaining_time":1.465297944},
{"learn":[0.1779335653],"iteration":386,"passed_time":0.9236530885,"remaining_time":1.463047399},
{"learn":[0.1777063021],"iteration":387,"passed_time":0.9269808692,"remaining_time":1.462145082},
{"learn":[0.1772988597],"iteration":388,"passed_time":0.9303534141,"remaining_time":1.461300607},
{"learn":[0.1769681121],"iteration":389,"passed_time":0.9337207878,"remaining_time":1.460435078},
{"learn":[0.176634519],"iteration":390,"passed_time":0.9364355013,"remaining_time":1.458540205},
{"learn":[0.1762992639],"iteration":391,"passed_time":0.9382487439,"remaining_time":1.45524295},
{"learn":[0.1759727901],"iteration":392,"passed_time":0.9417450592,"remaining_time":1.454552801},
{"learn":[0.1755253247],"iteration":393,"passed_time":0.9444093905,"remaining_time":1.452568758},
{"learn":[0.1750633198],"iteration":394,"passed_time":0.9467266761,"remaining_time":1.450049719},
{"learn":[0.1745992031],"iteration":395,"passed_time":0.9494007292,"remaining_time":1.44807586},
{"learn":[0.1740666238],"iteration":396,"passed_time":0.9521404722,"remaining_time":1.446198249},
{"learn":[0.1738521866],"iteration":397,"passed_time":0.9554643574,"remaining_time":1.445199857},
{"learn":[0.1732401497],"iteration":398,"passed_time":0.9581646763,"remaining_time":1.443250553},
{"learn":[0.1731188049],"iteration":399,"passed_time":0.9616926416,"remaining_time":1.442538962},
{"learn":[0.1728247877],"iteration":400,"passed_time":0.9649387276,"remaining_time":1.441392264},
{"learn":[0.1724904863],"iteration":401,"passed_time":0.9669467776,"remaining_time":1.438393465},
{"learn":[0.1721301371],"iteration":402,"passed_time":0.9702375379,"remaining_time":1.437299777},
{"learn":[0.1719059507],"iteration":403,"passed_time":0.9726570018,"remaining_time":1.434909834},
{"learn":[0.1716837066],"iteration":404,"passed_time":0.9747122362,"remaining_time":1.431984643},
{"learn":[0.1713028216],"iteration":405,"passed_time":0.9768459836,"remaining_time":1.429178607},
{"learn":[0.1710032688],"iteration":406,"passed_time":0.9792060734,"remaining_time":1.426705655},
{"learn":[0.1706954929],"iteration":407,"passed_time":0.9826287416,"remaining_time":1.425775037},
{"learn":[0.1703994427],"iteration":408,"passed_time":0.985930788,"remaining_time":1.424657936},
{"learn":[0.1699323546],"iteration":409,"passed_time":0.9878287878,"remaining_time":1.421509719},
{"learn":[0.1694637006],"iteration":410,"passed_time":0.9896734768,"remaining_time":1.418291187},
{"learn":[0.1690733158],"iteration":411,"passed_time":0.9931659638,"remaining_time":1.417431036},
{"learn":[0.168752522],"iteration":412,"passed_time":0.995043391,"remaining_time":1.41426264},
{"learn":[0.1684422593],"iteration":413,"passed_time":0.9968970218,"remaining_time":1.411066799},
{"learn":[0.1682200622],"iteration":414,"passed_time":0.9998629997,"remaining_time":1.409445433},
{"learn":[0.167851712],"iteration":415,"passed_time":1.002439277,"remaining_time":1.407270524},
{"learn":[0.1675989236],"iteration":416,"passed_time":1.004379663,"remaining_time":1.404204661},
{"learn":[0.1673830674],"iteration":417,"passed_time":1.006179702,"remaining_time":1.400948772},
{"learn":[0.1671804076],"iteration":418,"passed_time":1.007966945,"remaining_time":1.397682089},
{"learn":[0.1668042602],"iteration":419,"passed_time":1.011064687,"remaining_time":1.396232186},
{"learn":[0.166593195],"iteration":420,"passed_time":1.012885213,"remaining_time":1.393017906},
{"learn":[0.1658760395],"iteration":421,"passed_time":1.015151757,"remaining_time":1.390421127},
{"learn":[0.1654816109],"iteration":422,"passed_time":1.016732663,"remaining_time":1.386890654},
{"learn":[0.1651743433],"iteration":423,"passed_time":1.018914749,"remaining_time":1.384186074},
{"learn":[0.1647755845],"iteration":424,"passed_time":1.021549292,"remaining_time":1.3820961},
{"learn":[0.1645249527],"iteration":425,"passed_time":1.024386387,"remaining_time":1.380276493},
{"learn":[0.1642057842],"iteration":426,"passed_time":1.026913191,"remaining_time":1.378035734},
{"learn":[0.1640434947],"iteration":427,"passed_time":1.028870969,"remaining_time":1.375033164},
{"learn":[0.1636853722],"iteration":428,"passed_time":1.031737881,"remaining_time":1.373245525},
{"learn":[0.1635173939],"iteration":429,"passed_time":1.034313947,"remaining_time":1.371067325},
{"learn":[0.1632698991],"iteration":430,"passed_time":1.03616121,"remaining_time":1.367925124},
{"learn":[0.1627781104],"iteration":431,"passed_time":1.038073214,"remaining_time":1.36487404},
{"learn":[0.1625183232],"iteration":432,"passed_time":1.040147087,"remaining_time":1.362040181},
{"learn":[0.1622063527],"iteration":433,"passed_time":1.043037574,"remaining_time":1.360274809},
{"learn":[0.1618921794],"iteration":434,"passed_time":1.045525288,"remaining_time":1.357981122},
{"learn":[0.161625781],"iteration":435,"passed_time":1.04777116,"remaining_time":1.355373702},
{"learn":[0.1613915766],"iteration":436,"passed_time":1.05037632,"remaining_time":1.35323082},
{"learn":[0.1610865745],"iteration":437,"passed_time":1.05294855,"remaining_time":1.351043573},
{"learn":[0.1607833232],"iteration":438,"passed_time":1.055540621,"remaining_time":1.348879928},
{"learn":[0.1606190163],"iteration":439,"passed_time":1.058685696,"remaining_time":1.347418158},
{"learn":[0.1601419021],"iteration":440,"passed_time":1.061104568,"remaining_time":1.345028239},
{"learn":[0.1599664169],"iteration":441,"passed_time":1.06311734,"remaining_time":1.342125511},
{"learn":[0.1598186253],"iteration":442,"passed_time":1.066121518,"remaining_time":1.340473331},
{"learn":[0.159642322],"iteration":443,"passed_time":1.068145086,"remaining_time":1.337587089},
{"learn":[0.1593058294],"iteration":444,"passed_time":1.070755908,"remaining_time":1.335437143},
{"learn":[0.1589559382],"iteration":445,"passed_time":1.073417302,"remaining_time":1.333347949},
{"learn":[0.1587369612],"iteration":446,"passed_time":1.076091448,"remaining_time":1.33127197},
{"learn":[0.1584251197],"iteration":447,"passed_time":1.078039225,"remaining_time":1.328298331},
{"learn":[0.1582682054],"iteration":448,"passed_time":1.081274328,"remaining_time":1.326909031},
{"learn":[0.1578395473],"iteration":449,"passed_time":1.083156605,"remaining_time":1.323858073},
{"learn":[0.157495995],"iteration":450,"passed_time":1.086427252,"remaining_time":1.322502353},
{"learn":[0.1572100018],"iteration":451,"passed_time":1.088701481,"remaining_time":1.319930114},
{"learn":[0.157002371],"iteration":452,"passed_time":1.090722256,"remaining_time":1.317053144},
{"learn":[0.1568712388],"iteration":453,"passed_time":1.092616473,"remaining_time":1.31402774},
{"learn":[0.1564061501],"iteration":454,"passed_time":1.095931185,"remaining_time":1.312708782},
{"learn":[0.156120529],"iteration":455,"passed_time":1.099222538,"remaining_time":1.311353203},
{"learn":[0.1559850503],"iteration":456,"passed_time":1.10139793,"remaining_time":1.308663186},
{"learn":[0.1556330908],"iteration":457,"passed_time":1.10472574,"remaining_time":1.307339194},
{"learn":[0.1552820981],"iteration":458,"passed_time":1.106621043,"remaining_time":1.304318048},
{"learn":[0.1549381211],"iteration":459,"passed_time":1.109979483,"remaining_time":1.303019394},
{"learn":[0.1546710958],"iteration":460,"passed_time":1.113333102,"remaining_time":1.301706164},
{"learn":[0.1543474826],"iteration":461,"passed_time":1.11563941,"remaining_time":1.299164508},
{"learn":[0.1538447832],"iteration":462,"passed_time":1.118442746,"remaining_time":1.297200334},
{"learn":[0.1536486025],"iteration":463,"passed_time":1.12184529,"remaining_time":1.295924732},
{"learn":[0.1534841557],"iteration":464,"passed_time":1.123920723,"remaining_time":1.293113089},
{"learn":[0.1532370258],"iteration":465,"passed_time":1.127054011,"remaining_time":1.291516828},
{"learn":[0.1530692908],"iteration":466,"passed_time":1.129943,"remaining_time":1.289635158},
{"learn":[0.1527909811],"iteration":467,"passed_time":1.132551374,"remaining_time":1.287430194},
{"learn":[0.1526589396],"iteration":468,"passed_time":1.135497654,"remaining_time":1.285606086},
{"learn":[0.1524212197],"iteration":469,"passed_time":1.138785741,"remaining_time":1.284162645},
{"learn":[0.1520928634],"iteration":470,"passed_time":1.14073043,"remaining_time":1.281202542},
{"learn":[0.1517030407],"iteration":471,"passed_time":1.142509934,"remaining_time":1.27806196},
{"learn":[0.1514786383],"iteration":472,"passed_time":1.144559671,"remaining_time":1.275228217},
{"learn":[0.1512027489],"iteration":473,"passed_time":1.147727939,"remaining_time":1.273639021},
{"learn":[0.1509282213],"iteration":474,"passed_time":1.150441467,"remaining_time":1.271540569},
{"learn":[0.1504880482],"iteration":475,"passed_time":1.152843989,"remaining_time":1.269097165},
{"learn":[0.1503226318],"iteration":476,"passed_time":1.155462868,"remaining_time":1.266891153},
{"learn":[0.1501418798],"iteration":477,"passed_time":1.158558371,"remaining_time":1.265203911},
{"learn":[0.149924559],"iteration":478,"passed_time":1.160308558,"remaining_time":1.262047513},
{"learn":[0.1497130956],"iteration":479,"passed_time":1.163411475,"remaining_time":1.260362431},
{"learn":[0.1494071411],"iteration":480,"passed_time":1.1664205,"remaining_time":1.258570144},
{"learn":[0.149182108],"iteration":481,"passed_time":1.16821651,"remaining_time":1.255469196},
{"learn":[0.1489317655],"iteration":482,"passed_time":1.170621183,"remaining_time":1.253025158},
{"learn":[0.1486906272],"iteration":483,"passed_time":1.172795002,"remaining_time":1.250335168},
{"learn":[0.1484485621],"iteration":484,"passed_time":1.175757785,"remaining_time":1.248485071},
{"learn":[0.1482512976],"iteration":485,"passed_time":1.178115866,"remaining_time":1.245990854},
{"learn":[0.1481298546],"iteration":486,"passed_time":1.181253911,"remaining_time":1.244318802},
{"learn":[0.1477447159],"iteration":487,"passed_time":1.183625099,"remaining_time":1.241836169},
{"learn":[0.1474367931],"iteration":488,"passed_time":1.18635146,"remaining_time":1.239725146},
{"learn":[0.1471885431],"iteration":489,"passed_time":1.188411022,"remaining_time":1.236917594},
{"learn":[0.1469416396],"iteration":490,"passed_time":1.190603407,"remaining_time":1.234250783},
{"learn":[0.1465510098],"iteration":491,"passed_time":1.193016369,"remaining_time":1.231813649},
{"learn":[0.1464793727],"iteration":492,"passed_time":1.195430496,"remaining_time":1.229377812},
{"learn":[0.1462209797],"iteration":493,"passed_time":1.19776365,"remaining_time":1.226859123},
{"learn":[0.1457075858],"iteration":494,"passed_time":1.201033792,"remaining_time":1.225297101},
{"learn":[0.1455964319],"iteration":495,"passed_time":1.20392387,"remaining_time":1.223341997},
{"learn":[0.1454738791],"iteration":496,"passed_time":1.206558784,"remaining_time":1.221124886},
{"learn":[0.1453066833],"iteration":497,"passed_time":1.208678353,"remaining_time":1.218386613},
{"learn":[0.1450310704],"iteration":498,"passed_time":1.211329934,"remaining_time":1.216184964},
{"learn":[0.1446992351],"iteration":499,"passed_time":1.21360907,"remaining_time":1.21360907},
{"learn":[0.1444879686],"iteration":500,"passed_time":1.216912175,"remaining_time":1.212054242},
{"learn":[0.1442887927],"iteration":501,"passed_time":1.219423647,"remaining_time":1.209707123},
{"learn":[0.144137748],"iteration":502,"passed_time":1.222042248,"remaining_time":1.207465203},
{"learn":[0.1439056922],"iteration":503,"passed_time":1.223947973,"remaining_time":1.204520227},
{"learn":[0.1436962443],"iteration":504,"passed_time":1.225755874,"remaining_time":1.20148348},
{"learn":[0.1434379233],"iteration":505,"passed_time":1.22791694,"remaining_time":1.19879638},
{"learn":[0.1433561918],"iteration":506,"passed_time":1.229938001,"remaining_time":1.195975216},
{"learn":[0.1431027946],"iteration":507,"passed_time":1.23203587,"remaining_time":1.193231591},
{"learn":[0.1428026873],"iteration":508,"passed_time":1.23507507,"remaining_time":1.191398545},
{"learn":[0.1423690857],"iteration":509,"passed_time":1.238726207,"remaining_time":1.190148709},
{"learn":[0.1421924563],"iteration":510,"passed_time":1.24199152,"remaining_time":1.188520261},
{"learn":[0.1419704184],"iteration":511,"passed_time":1.245097864,"remaining_time":1.186733901},
{"learn":[0.1418564892],"iteration":512,"passed_time":1.248185694,"remaining_time":1.18492482},
{"learn":[0.141669046],"iteration":513,"passed_time":1.250217688,"remaining_time":1.182112444},
{"learn":[0.1415855923],"iteration":514,"passed_time":1.25196377,"remaining_time":1.179033842},
{"learn":[0.1411287299],"iteration":515,"passed_time":1.254408222,"remaining_time":1.176615464},
{"learn":[0.1409761804],"iteration":516,"passed_time":1.256503969,"remaining_time":1.173871213},
{"learn":[0.1407758109],"iteration":517,"passed_time":1.258742911,"remaining_time":1.171262709},
{"learn":[0.1405165341],"iteration":518,"passed_time":1.261015344,"remaining_time":1.168686667},
{"learn":[0.1401536364],"iteration":519,"passed_time":1.263311619,"remaining_time":1.166133802},
{"learn":[0.139946348],"iteration":520,"passed_time":1.26532245,"remaining_time":1.163319489},
{"learn":[0.1396320661],"iteration":521,"passed_time":1.267183301,"remaining_time":1.160370915},
{"learn":[0.139395195],"iteration":522,"passed_time":1.269735274,"remaining_time":1.158056837},
{"learn":[0.1393007528],"iteration":523,"passed_time":1.271486168,"remaining_time":1.155014152},
{"learn":[0.1388589153],"iteration":524,"passed_time":1.274430866,"remaining_time":1.153056498},
{"learn":[0.1387074642],"iteration":525,"passed_time":1.277388285,"remaining_time":1.151106553},
{"learn":[0.138188875],"iteration":526,"passed_time":1.280013318,"remaining_time":1.148854458},
{"learn":[0.1379783063],"iteration":527,"passed_time":1.281927567,"remaining_time":1.145965552},
{"learn":[0.1376562955],"iteration":528,"passed_time":1.284828079,"remaining_time":1.14395846},
{"learn":[0.1373097458],"iteration":529,"passed_time":1.287956932,"remaining_time":1.142150487},
{"learn":[0.1371191519],"iteration":530,"passed_time":1.290664708,"remaining_time":1.139965627},
{"learn":[0.1369015837],"iteration":531,"passed_time":1.292432089,"remaining_time":1.136951537},
{"learn":[0.1367365028],"iteration":532,"passed_time":1.295433093,"remaining_time":1.135022991},
{"learn":[0.1363059865],"iteration":533,"passed_time":1.297943037,"remaining_time":1.132661901},
{"learn":[0.136196381],"iteration":534,"passed_time":1.299874248,"remaining_time":1.129797243},
{"learn":[0.1360050391],"iteration":535,"passed_time":1.302666395,"remaining_time":1.127681357},
{"learn":[0.1358998263],"iteration":536,"passed_time":1.304858982,"remaining_time":1.125046012},
{"learn":[0.1354755669],"iteration":537,"passed_time":1.306454023,"remaining_time":1.12189918},
{"learn":[0.1351787555],"iteration":538,"passed_time":1.309400127,"remaining_time":1.119913652},
{"learn":[0.1349369669],"iteration":539,"passed_time":1.311243285,"remaining_time":1.116985021},
{"learn":[0.1347431521],"iteration":540,"passed_time":1.313048208,"remaining_time":1.114027962},
{"learn":[0.1345492186],"iteration":541,"passed_time":1.316154015,"remaining_time":1.112174426},
{"learn":[0.1342067106],"iteration":542,"passed_time":1.319124009,"remaining_time":1.110201974},
{"learn":[0.1340330267],"iteration":543,"passed_time":1.321271754,"remaining_time":1.107536617},
{"learn":[0.1337125437],"iteration":544,"passed_time":1.323029661,"remaining_time":1.104547699},
{"learn":[0.1335726887],"iteration":545,"passed_time":1.32506041,"remaining_time":1.101790158},
{"learn":[0.1332603579],"iteration":546,"passed_time":1.326706283,"remaining_time":1.098716538},
{"learn":[0.1331458561],"iteration":547,"passed_time":1.328888817,"remaining_time":1.096090776},
{"learn":[0.1330881209],"iteration":548,"passed_time":1.330577993,"remaining_time":1.093061339},
{"learn":[0.1328439865],"iteration":549,"passed_time":1.332245138,"remaining_time":1.090018749},
{"learn":[0.132747215],"iteration":550,"passed_time":1.333596279,"remaining_time":1.086723646},
{"learn":[0.1325666945],"iteration":551,"passed_time":1.335950552,"remaining_time":1.084249724},
{"learn":[0.1321847005],"iteration":552,"passed_time":1.337501476,"remaining_time":1.081126871},
{"learn":[0.1318963419],"iteration":553,"passed_time":1.339041695,"remaining_time":1.078001076},
{"learn":[0.1316847797],"iteration":554,"passed_time":1.340580986,"remaining_time":1.07488025},
{"learn":[0.1313354276],"iteration":555,"passed_time":1.342194346,"remaining_time":1.071824262},
{"learn":[0.1311721709],"iteration":556,"passed_time":1.343705158,"remaining_time":1.068691894},
{"learn":[0.1310868001],"iteration":557,"passed_time":1.345485778,"remaining_time":1.065779057},
{"learn":[0.1308676003],"iteration":558,"passed_time":1.347738447,"remaining_time":1.063242675},
{"learn":[0.1307272311],"iteration":559,"passed_time":1.349406068,"remaining_time":1.060247625},
{"learn":[0.1304555481],"iteration":560,"passed_time":1.351140046,"remaining_time":1.057309234},
{"learn":[0.1302235078],"iteration":561,"passed_time":1.353923309,"remaining_time":1.055192899},
{"learn":[0.130122172],"iteration":562,"passed_time":1.356111531,"remaining_time":1.052612325},
{"learn":[0.1298678619],"iteration":563,"passed_time":1.358029105,"remaining_time":1.049823918},
{"learn":[0.1297928898],"iteration":564,"passed_time":1.359912384,"remaining_time":1.04701219},
{"learn":[0.1295741158],"iteration":565,"passed_time":1.361612994,"remaining_time":1.044063674},
{"learn":[0.129404146],"iteration":566,"passed_time":1.363948544,"remaining_time":1.041604443},
{"learn":[0.1292182989],"iteration":567,"passed_time":1.365423358,"remaining_time":1.038491004},
{"learn":[0.1289559824],"iteration":568,"passed_time":1.367022964,"remaining_time":1.035477852},
{"learn":[0.1288073041],"iteration":569,"passed_time":1.368722681,"remaining_time":1.032545181},
{"learn":[0.1285537118],"iteration":570,"passed_time":1.370444739,"remaining_time":1.029633613},
{"learn":[0.1284072545],"iteration":571,"passed_time":1.373338285,"remaining_time":1.027602773},
{"learn":[0.1282530408],"iteration":572,"passed_time":1.375395745,"remaining_time":1.024945869},
{"learn":[0.1279979703],"iteration":573,"passed_time":1.377974124,"remaining_time":1.02267766},
{"learn":[0.127947893],"iteration":574,"passed_time":1.379698185,"remaining_time":1.01977692},
{"learn":[0.1276345293],"iteration":575,"passed_time":1.381676242,"remaining_time":1.017067233},
{"learn":[0.1274141499],"iteration":576,"passed_time":1.38385745,"remaining_time":1.014509014},
{"learn":[0.1273683234],"iteration":577,"passed_time":1.386794892,"remaining_time":1.012504229},
{"learn":[0.1272437589],"iteration":578,"passed_time":1.389779201,"remaining_time":1.0105303},
{"learn":[0.1270723762],"iteration":579,"passed_time":1.392329513,"remaining_time":1.008238613},
{"learn":[0.1268780804],"iteration":580,"passed_time":1.394055377,"remaining_time":1.005351468},
{"learn":[0.1264384352],"iteration":581,"passed_time":1.396729544,"remaining_time":1.003149398},
{"learn":[0.1261160365],"iteration":582,"passed_time":1.398607928,"remaining_time":1.000376511},
{"learn":[0.1259615765],"iteration":583,"passed_time":1.400488156,"remaining_time":0.9976080016},
{"learn":[0.1255961912],"iteration":584,"passed_time":1.403223027,"remaining_time":0.9954488137},
{"learn":[0.1255539378],"iteration":585,"passed_time":1.405695025,"remaining_time":0.9931019463},
{"learn":[0.1254012586],"iteration":586,"passed_time":1.408599457,"remaining_time":0.9910589025},
{"learn":[0.1250743357],"iteration":587,"passed_time":1.411752454,"remaining_time":0.9891870938},
{"learn":[0.1248391898],"iteration":588,"passed_time":1.414724312,"remaining_time":0.9871845369},
{"learn":[0.1245036276],"iteration":589,"passed_time":1.416869018,"remaining_time":0.9846038935},
{"learn":[0.124273451],"iteration":590,"passed_time":1.418633448,"remaining_time":0.9817615574},
{"learn":[0.1241264131],"iteration":591,"passed_time":1.420567825,"remaining_time":0.9790399874},
{"learn":[0.1239358836],"iteration":592,"passed_time":1.423288397,"remaining_time":0.9768606707},
{"learn":[0.123681288],"iteration":593,"passed_time":1.425210131,"remaining_time":0.9741335239},
{"learn":[0.1234958436],"iteration":594,"passed_time":1.427112908,"remaining_time":0.9713961808},
{"learn":[0.1232725813],"iteration":595,"passed_time":1.428775314,"remaining_time":0.9684987025},
{"learn":[0.1230847597],"iteration":596,"passed_time":1.430849719,"remaining_time":0.9658834784},
{"learn":[0.1227486219],"iteration":597,"passed_time":1.432404098,"remaining_time":0.9629204807},
{"learn":[0.122583409],"iteration":598,"passed_time":1.435243721,"remaining_time":0.9608225915},
{"learn":[0.1224035243],"iteration":599,"passed_time":1.437223471,"remaining_time":0.9581489805},
{"learn":[0.1221133937],"iteration":600,"passed_time":1.438850568,"remaining_time":0.955243555},
{"learn":[0.1220093011],"iteration":601,"passed_time":1.441392639,"remaining_time":0.9529472927},
{"learn":[0.1217435464],"iteration":602,"passed_time":1.443359559,"remaining_time":0.9502715504},
{"learn":[0.1215505628],"iteration":603,"passed_time":1.444779376,"remaining_time":0.9472394585},
{"learn":[0.1213233053],"iteration":604,"passed_time":1.446294885,"remaining_time":0.9442751726},
{"learn":[0.1211140928],"iteration":605,"passed_time":1.447806448,"remaining_time":0.9413131034},
{"learn":[0.1207273487],"iteration":606,"passed_time":1.449455912,"remaining_time":0.9384450965},
{"learn":[0.1205235932],"iteration":607,"passed_time":1.450947093,"remaining_time":0.935479047},
{"learn":[0.1202338624],"iteration":608,"passed_time":1.452553378,"remaining_time":0.9325917418},
{"learn":[0.1200747383],"iteration":609,"passed_time":1.454228232,"remaining_time":0.929752476},
{"learn":[0.1199640695],"iteration":610,"passed_time":1.456153447,"remaining_time":0.9270764173},
{"learn":[0.1196387668],"iteration":611,"passed_time":1.457855397,"remaining_time":0.9242612645},
{"learn":[0.1193735365],"iteration":612,"passed_time":1.459422629,"remaining_time":0.9213646941},
{"learn":[0.1191378758],"iteration":613,"passed_time":1.461068271,"remaining_time":0.9185217466},
{"learn":[0.1190526954],"iteration":614,"passed_time":1.462839895,"remaining_time":0.9157615601},
{"learn":[0.1189233062],"iteration":615,"passed_time":1.465144191,"remaining_time":0.9133366383},
{"learn":[0.1187290795],"iteration":616,"passed_time":1.466998094,"remaining_time":0.9106325284},
{"learn":[0.1185795115],"iteration":617,"passed_time":1.468940758,"remaining_time":0.907986035},
{"learn":[0.1183619928],"iteration":618,"passed_time":1.470519727,"remaining_time":0.9051179577},
{"learn":[0.1183171434],"iteration":619,"passed_time":1.472810033,"remaining_time":0.90269002},
{"learn":[0.1181940685],"iteration":620,"passed_time":1.4752722,"remaining_time":0.9003674138},
{"learn":[0.1180110804],"iteration":621,"passed_time":1.477014006,"remaining_time":0.8976065826},
{"learn":[0.1177940749],"iteration":622,"passed_time":1.478633837,"remaining_time":0.8947752111},
{"learn":[0.1177560037],"iteration":623,"passed_time":1.480498021,"remaining_time":0.8920949614},
{"learn":[0.1175503221],"iteration":624,"passed_time":1.482182621,"remaining_time":0.8893095725},
{"learn":[0.1173346255],"iteration":625,"passed_time":1.483783114,"remaining_time":0.8864774513},
{"learn":[0.1172157651],"iteration":626,"passed_time":1.485412159,"remaining_time":0.8836662445},
{"learn":[0.1171072702],"iteration":627,"passed_time":1.487005493,"remaining_time":0.8808376485},
{"learn":[0.1168224475],"iteration":628,"passed_time":1.489514614,"remaining_time":0.8785531347},
{"learn":[0.1164627701],"iteration":629,"passed_time":1.491143243,"remaining_time":0.8757507933},
{"learn":[0.1162541141],"iteration":630,"passed_time":1.492770462,"remaining_time":0.8729513477},
{"learn":[0.1161782162],"iteration":631,"passed_time":1.493675611,"remaining_time":0.8697351659},
{"learn":[0.1159778773],"iteration":632,"passed_time":1.495326565,"remaining_time":0.8669586879},
{"learn":[0.1158752823],"iteration":633,"passed_time":1.496990026,"remaining_time":0.8641929804},
{"learn":[0.1157776453],"iteration":634,"passed_time":1.498850043,"remaining_time":0.8615437256},
{"learn":[0.1155340632],"iteration":635,"passed_time":1.50043718,"remaining_time":0.858740776},
{"learn":[0.115484606],"iteration":636,"passed_time":1.502741113,"remaining_time":0.8563501164},
{"learn":[0.1153027128],"iteration":637,"passed_time":1.505613014,"remaining_time":0.8542819924},
{"learn":[0.1150541321],"iteration":638,"passed_time":1.508413517,"remaining_time":0.8521710168},
{"learn":[0.1149221476],"iteration":639,"passed_time":1.510394377,"remaining_time":0.8495968368},
{"learn":[0.1148657253],"iteration":640,"passed_time":1.512855684,"remaining_time":0.8472935889},
{"learn":[0.1146432314],"iteration":641,"passed_time":1.515912142,"remaining_time":0.8453217238},
{"learn":[0.1144223298],"iteration":642,"passed_time":1.51832182,"remaining_time":0.8429873867},
{"learn":[0.1142069426],"iteration":643,"passed_time":1.520419643,"remaining_time":0.840480424},
{"learn":[0.1141182503],"iteration":644,"passed_time":1.522215882,"remaining_time":0.8378087412},
{"learn":[0.1140049106],"iteration":645,"passed_time":1.525167349,"remaining_time":0.8357728199},
{"learn":[0.1137717656],"iteration":646,"passed_time":1.527053571,"remaining_time":0.8331528757},
{"learn":[0.1135198941],"iteration":647,"passed_time":1.528729846,"remaining_time":0.8304211508},
{"learn":[0.1133832148],"iteration":648,"passed_time":1.530914217,"remaining_time":0.8279674731},
{"learn":[0.1131988036],"iteration":649,"passed_time":1.532724298,"remaining_time":0.8253130837},
{"learn":[0.1130513015],"iteration":650,"passed_time":1.534628655,"remaining_time":0.8227118286},
{"learn":[0.1128609733],"iteration":651,"passed_time":1.536638204,"remaining_time":0.8201688574},
{"learn":[0.1126876771],"iteration":652,"passed_time":1.539060785,"remaining_time":0.8178470024},
{"learn":[0.1123702534],"iteration":653,"passed_time":1.542097518,"remaining_time":0.8158497572},
{"learn":[0.1121375065],"iteration":654,"passed_time":1.544718918,"remaining_time":0.8136305752},
{"learn":[0.1119951083],"iteration":655,"passed_time":1.547716867,"remaining_time":0.8116076254},
{"learn":[0.1117908593],"iteration":656,"passed_time":1.550382073,"remaining_time":0.8094079925},
{"learn":[0.1116128257],"iteration":657,"passed_time":1.552796159,"remaining_time":0.8070764231},
{"learn":[0.1114019732],"iteration":658,"passed_time":1.554582764,"remaining_time":0.8044199126},
{"learn":[0.1112515051],"iteration":659,"passed_time":1.556584197,"remaining_time":0.8018767076},
{"learn":[0.110957917],"iteration":660,"passed_time":1.558329478,"remaining_time":0.7992037717},
{"learn":[0.1108782571],"iteration":661,"passed_time":1.560182823,"remaining_time":0.7965888128},
{"learn":[0.1107183261],"iteration":662,"passed_time":1.56194118,"remaining_time":0.7939278698},
{"learn":[0.1104573065],"iteration":663,"passed_time":1.563708061,"remaining_time":0.7912739588},
{"learn":[0.1102725844],"iteration":664,"passed_time":1.565619611,"remaining_time":0.7886955935},
{"learn":[0.1101958585],"iteration":665,"passed_time":1.567426463,"remaining_time":0.7860667249},
{"learn":[0.1100527828],"iteration":666,"passed_time":1.570541453,"remaining_time":0.784093409},
{"learn":[0.1099570354],"iteration":667,"passed_time":1.572492678,"remaining_time":0.7815382771},
{"learn":[0.1097830445],"iteration":668,"passed_time":1.574758283,"remaining_time":0.7791404956},
{"learn":[0.109524044],"iteration":669,"passed_time":1.577364649,"remaining_time":0.7769109463},
{"learn":[0.1094223176],"iteration":670,"passed_time":1.579869832,"remaining_time":0.774630663},
{"learn":[0.1092697481],"iteration":671,"passed_time":1.581529649,"remaining_time":0.7719370907},
{"learn":[0.1090872152],"iteration":672,"passed_time":1.583198218,"remaining_time":0.769250843},
{"learn":[0.108927967],"iteration":673,"passed_time":1.585232933,"remaining_time":0.7667447126},
{"learn":[0.1087344987],"iteration":674,"passed_time":1.588499274,"remaining_time":0.7648329837},
{"learn":[0.1085237189],"iteration":675,"passed_time":1.590193106,"remaining_time":0.7621635599},
{"learn":[0.1083657768],"iteration":676,"passed_time":1.591692292,"remaining_time":0.7594041513},
{"learn":[0.1081484294],"iteration":677,"passed_time":1.593359478,"remaining_time":0.7567282477},
{"learn":[0.1080470674],"iteration":678,"passed_time":1.596039287,"remaining_time":0.754534037},
{"learn":[0.1078668914],"iteration":679,"passed_time":1.597617337,"remaining_time":0.7518199234},
{"learn":[0.1077939485],"iteration":680,"passed_time":1.59912409,"remaining_time":0.7490757484},
{"learn":[0.107731276],"iteration":681,"passed_time":1.600175505,"remaining_time":0.7461228895},
{"learn":[0.1074205877],"iteration":682,"passed_time":1.601722474,"remaining_time":0.7434055994},
{"learn":[0.107257148],"iteration":683,"passed_time":1.60445776,"remaining_time":0.7412407197},
{"learn":[0.1071404367],"iteration":684,"passed_time":1.605992149,"remaining_time":0.7385219372},
{"learn":[0.1070171291],"iteration":685,"passed_time":1.607616029,"remaining_time":0.7358475702},
{"learn":[0.1068476308],"iteration":686,"passed_time":1.609789694,"remaining_time":0.7334267457},
{"learn":[0.1066882557],"iteration":687,"passed_time":1.611428417,"remaining_time":0.7307640497},
{"learn":[0.1065666091],"iteration":688,"passed_time":1.613603313,"remaining_time":0.7283463431},
{"learn":[0.1062812049],"iteration":689,"passed_time":1.615822187,"remaining_time":0.7259490984},
{"learn":[0.1060109496],"iteration":690,"passed_time":1.617374527,"remaining_time":0.7232543111},
{"learn":[0.1058766318],"iteration":691,"passed_time":1.619014447,"remaining_time":0.7206018059},
{"learn":[0.1058416154],"iteration":692,"passed_time":1.620145267,"remaining_time":0.7177266912},
{"learn":[0.1056959683],"iteration":693,"passed_time":1.621563023,"remaining_time":0.7149831195},
{"learn":[0.1055903908],"iteration":694,"passed_time":1.623084679,"remaining_time":0.7122889597},
{"learn":[0.1053894952],"iteration":695,"passed_time":1.624626359,"remaining_time":0.7096069153},
{"learn":[0.1052094688],"iteration":696,"passed_time":1.626212849,"remaining_time":0.7069476232},
{"learn":[0.1051398916],"iteration":697,"passed_time":1.627744503,"remaining_time":0.7042676791},
{"learn":[0.1049675994],"iteration":698,"passed_time":1.629210652,"remaining_time":0.701562813},
{"learn":[0.1048827797],"iteration":699,"passed_time":1.631434264,"remaining_time":0.6991861133},
{"learn":[0.1047408629],"iteration":700,"passed_time":1.633196218,"remaining_time":0.6966129376},
{"learn":[0.1046408351],"iteration":701,"passed_time":1.635758409,"remaining_time":0.6943817748},
{"learn":[0.1045145149],"iteration":702,"passed_time":1.637290651,"remaining_time":0.6917145425},
{"learn":[0.1043292069],"iteration":703,"passed_time":1.639043287,"remaining_time":0.6891432004},
{"learn":[0.1041948457],"iteration":704,"passed_time":1.640618663,"remaining_time":0.686500008},
{"learn":[0.1039941298],"iteration":705,"passed_time":1.642241166,"remaining_time":0.6838794658},
{"learn":[0.1038492375],"iteration":706,"passed_time":1.643862994,"remaining_time":0.6812614671},
{"learn":[0.1038129016],"iteration":707,"passed_time":1.646196912,"remaining_time":0.6789399695},
{"learn":[0.1037844848],"iteration":708,"passed_time":1.647809119,"remaining_time":0.6763222196},
{"learn":[0.1036100588],"iteration":709,"passed_time":1.64931783,"remaining_time":0.673665029},
{"learn":[0.1034842512],"iteration":710,"passed_time":1.650867436,"remaining_time":0.6710276921},
{"learn":[0.1032324474],"iteration":711,"passed_time":1.653667674,"remaining_time":0.6688992839},
{"learn":[0.1030691961],"iteration":712,"passed_time":1.65634212,"remaining_time":0.6667183567},
{"learn":[0.1029500052],"iteration":713,"passed_time":1.658058262,"remaining_time":0.6641521889},
{"learn":[0.1028678832],"iteration":714,"passed_time":1.659797564,"remaining_time":0.6615976306},
{"learn":[0.1027554218],"iteration":715,"passed_time":1.662501082,"remaining_time":0.6594278033},
{"learn":[0.102669207],"iteration":716,"passed_time":1.664645762,"remaining_time":0.6570359145},
{"learn":[0.1025679246],"iteration":717,"passed_time":1.667277989,"remaining_time":0.654836202},
{"learn":[0.1024497668],"iteration":718,"passed_time":1.669009408,"remaining_time":0.6522832318},
{"learn":[0.1022840048],"iteration":719,"passed_time":1.67141795,"remaining_time":0.6499958696},
{"learn":[0.1020194153],"iteration":720,"passed_time":1.67384844,"remaining_time":0.6477166641},
{"learn":[0.1019825532],"iteration":721,"passed_time":1.676635904,"remaining_time":0.6455744894},
{"learn":[0.1017736097],"iteration":722,"passed_time":1.678342148,"remaining_time":0.6430162863},
{"learn":[0.1016669874],"iteration":723,"passed_time":1.679958083,"remaining_time":0.6404260095},
{"learn":[0.101473336],"iteration":724,"passed_time":1.681620955,"remaining_time":0.6378562242},
{"learn":[0.1014319216],"iteration":725,"passed_time":1.683365533,"remaining_time":0.635319774},
{"learn":[0.101344952],"iteration":726,"passed_time":1.6850689,"remaining_time":0.6327700271},
{"learn":[0.1011087244],"iteration":727,"passed_time":1.687549217,"remaining_time":0.6305128943},
{"learn":[0.1009799428],"iteration":728,"passed_time":1.689272024,"remaining_time":0.6279735509},
{"learn":[0.1007543934],"iteration":729,"passed_time":1.69120887,"remaining_time":0.6255156096},
{"learn":[0.100664051],"iteration":730,"passed_time":1.692972763,"remaining_time":0.622995449},
{"learn":[0.1005988274],"iteration":731,"passed_time":1.694650114,"remaining_time":0.6204456702},
{"learn":[0.1005356295],"iteration":732,"passed_time":1.697017592,"remaining_time":0.618149655},
{"learn":[0.100290691],"iteration":733,"passed_time":1.698509803,"remaining_time":0.6155362502},
{"learn":[0.1002018628],"iteration":734,"passed_time":1.700035308,"remaining_time":0.6129379003},
{"learn":[0.1001194892],"iteration":735,"passed_time":1.701602258,"remaining_time":0.6103573317},
{"learn":[0.09993705702],"iteration":736,"passed_time":1.70313371,"remaining_time":0.6077668464},
{"learn":[0.09966907438],"iteration":737,"passed_time":1.704674923,"remaining_time":0.6051826961},
{"learn":[0.09947233289],"iteration":738,"passed_time":1.706889028,"remaining_time":0.6028390207},
{"learn":[0.09931980516],"iteration":739,"passed_time":1.709074164,"remaining_time":0.6004855171},
{"learn":[0.09903965058],"iteration":740,"passed_time":1.711980485,"remaining_time":0.5983845419},
{"learn":[0.09893051616],"iteration":741,"passed_time":1.714736545,"remaining_time":0.596229149},
{"learn":[0.09886753355],"iteration":742,"passed_time":1.716354559,"remaining_time":0.5936784947},
{"learn":[0.0987927106],"iteration":743,"passed_time":1.718023459,"remaining_time":0.5911478568},
{"learn":[0.09856946298],"iteration":744,"passed_time":1.719705223,"remaining_time":0.5886239355},
{"learn":[0.09844347272],"iteration":745,"passed_time":1.721771887,"remaining_time":0.5862333234},
{"learn":[0.09841459011],"iteration":746,"passed_time":1.723437758,"remaining_time":0.5837078349},
{"learn":[0.09828935747],"iteration":747,"passed_time":1.725580663,"remaining_time":0.5813453569},
{"learn":[0.09818316082],"iteration":748,"passed_time":1.727157816,"remaining_time":0.5787938743},
{"learn":[0.09811692879],"iteration":749,"passed_time":1.728930066,"remaining_time":0.576310022},
{"learn":[0.09796766867],"iteration":750,"passed_time":1.730727054,"remaining_time":0.573836267},
{"learn":[0.09787557034],"iteration":751,"passed_time":1.733546619,"remaining_time":0.5717015444},
{"learn":[0.09777783548],"iteration":752,"passed_time":1.735555106,"remaining_time":0.5692989524},
{"learn":[0.09767004524],"iteration":753,"passed_time":1.737255681,"remaining_time":0.5667969464},
{"learn":[0.09760735256],"iteration":754,"passed_time":1.738811343,"remaining_time":0.5642500384},
{"learn":[0.09741779033],"iteration":755,"passed_time":1.740390133,"remaining_time":0.5617132176},
{"learn":[0.09726679891],"iteration":756,"passed_time":1.7419558,"remaining_time":0.5591747152},
{"learn":[0.0971660242],"iteration":757,"passed_time":1.743466365,"remaining_time":0.5566211877},
{"learn":[0.09701758146],"iteration":758,"passed_time":1.745088381,"remaining_time":0.554105797},
{"learn":[0.09687324353],"iteration":759,"passed_time":1.746647569,"remaining_time":0.5515729165},
{"learn":[0.09671761835],"iteration":760,"passed_time":1.748111303,"remaining_time":0.5490126169},
{"learn":[0.09654984752],"iteration":761,"passed_time":1.750731604,"remaining_time":0.5468164328},
{"learn":[0.09638891612],"iteration":762,"passed_time":1.752507363,"remaining_time":0.5443568086},
{"learn":[0.09629652896],"iteration":763,"passed_time":1.754052688,"remaining_time":0.5418277938},
{"learn":[0.09617985604],"iteration":764,"passed_time":1.755739928,"remaining_time":0.5393449453},
{"learn":[0.09597000536],"iteration":765,"passed_time":1.757470648,"remaining_time":0.5368774564},
{"learn":[0.09576855779],"iteration":766,"passed_time":1.759421883,"remaining_time":0.534478877},
{"learn":[0.09562450558],"iteration":767,"passed_time":1.761230238,"remaining_time":0.5320383009},
{"learn":[0.09547510341],"iteration":768,"passed_time":1.763284939,"remaining_time":0.5296733691},
{"learn":[0.09541490345],"iteration":769,"passed_time":1.765187379,"remaining_time":0.5272637626},
{"learn":[0.09534697091],"iteration":770,"passed_time":1.766838628,"remaining_time":0.5247808635},
{"learn":[0.09517828649],"iteration":771,"passed_time":1.768592372,"remaining_time":0.5223303897},
{"learn":[0.09498379524],"iteration":772,"passed_time":1.770158897,"remaining_time":0.5198267394},
{"learn":[0.09491780418],"iteration":773,"passed_time":1.771866854,"remaining_time":0.5173668076},
{"learn":[0.09467750629],"iteration":774,"passed_time":1.773790329,"remaining_time":0.5149713858},
{"learn":[0.09454324434],"iteration":775,"passed_time":1.775471851,"remaining_time":0.5125073385},
{"learn":[0.09444332323],"iteration":776,"passed_time":1.777087704,"remaining_time":0.5100264581},
{"learn":[0.09434092837],"iteration":777,"passed_time":1.778647515,"remaining_time":0.5075318103},
{"learn":[0.09421390105],"iteration":778,"passed_time":1.780416488,"remaining_time":0.505098901},
{"learn":[0.09413180198],"iteration":779,"passed_time":1.781983148,"remaining_time":0.5026106315},
{"learn":[0.09407495898],"iteration":780,"passed_time":1.783498403,"remaining_time":0.5001103077},
{"learn":[0.09394109869],"iteration":781,"passed_time":1.785010695,"remaining_time":0.4976116772},
{"learn":[0.09383871009],"iteration":782,"passed_time":1.786530945,"remaining_time":0.4951177713},
{"learn":[0.09372278782],"iteration":783,"passed_time":1.788302207,"remaining_time":0.4926955059},
{"learn":[0.09367893321],"iteration":784,"passed_time":1.78993939,"remaining_time":0.490238177},
{"learn":[0.09360798052],"iteration":785,"passed_time":1.791403426,"remaining_time":0.4877357927},
{"learn":[0.09350500707],"iteration":786,"passed_time":1.792917062,"remaining_time":0.4852494717},
{"learn":[0.09341296628],"iteration":787,"passed_time":1.795063722,"remaining_time":0.4829359251},
{"learn":[0.0932667042],"iteration":788,"passed_time":1.797231969,"remaining_time":0.4806285748},
{"learn":[0.09316481684],"iteration":789,"passed_time":1.799015774,"remaining_time":0.478219383},
{"learn":[0.09308209401],"iteration":790,"passed_time":1.800773689,"remaining_time":0.4758049317},
{"learn":[0.0929662121],"iteration":791,"passed_time":1.802438515,"remaining_time":0.4733676909},
{"learn":[0.09274629052],"iteration":792,"passed_time":1.804374351,"remaining_time":0.4710031407},
{"learn":[0.09271336],"iteration":793,"passed_time":1.806184939,"remaining_time":0.4686071757},
{"learn":[0.09263573801],"iteration":794,"passed_time":1.807789443,"remaining_time":0.4661595419},
{"learn":[0.09249817086],"iteration":795,"passed_time":1.809517276,"remaining_time":0.4637456335},
{"learn":[0.09228401926],"iteration":796,"passed_time":1.811547568,"remaining_time":0.4614104847},
{"learn":[0.0920907064],"iteration":797,"passed_time":1.81409372,"remaining_time":0.4592066809},
{"learn":[0.09196669117],"iteration":798,"passed_time":1.81627202,"remaining_time":0.4569094818},
{"learn":[0.09189050234],"iteration":799,"passed_time":1.818738155,"remaining_time":0.4546845389},
{"learn":[0.09170929102],"iteration":800,"passed_time":1.821658846,"remaining_time":0.452571923},
{"learn":[0.0915883548],"iteration":801,"passed_time":1.823490258,"remaining_time":0.4501883679},
{"learn":[0.09152019155],"iteration":802,"passed_time":1.825185978,"remaining_time":0.4477728988},
{"learn":[0.0913651333],"iteration":803,"passed_time":1.827639269,"remaining_time":0.4455439014},
{"learn":[0.09114128747],"iteration":804,"passed_time":1.830904661,"remaining_time":0.4435110669},
{"learn":[0.0910599778],"iteration":805,"passed_time":1.833916514,"remaining_time":0.4414141486},
{"learn":[0.09094344488],"iteration":806,"passed_time":1.835968932,"remaining_time":0.4390855066},
{"learn":[0.09083317484],"iteration":807,"passed_time":1.837555599,"remaining_time":0.436646875},
{"learn":[0.09073989383],"iteration":808,"passed_time":1.839324867,"remaining_time":0.4342534606},
{"learn":[0.0906079881],"iteration":809,"passed_time":1.841540699,"remaining_time":0.4319663368},
{"learn":[0.09044004832],"iteration":810,"passed_time":1.843807624,"remaining_time":0.4296912958},
{"learn":[0.09028549207],"iteration":811,"passed_time":1.845407194,"remaining_time":0.427261764},
{"learn":[0.09011696652],"iteration":812,"passed_time":1.847101317,"remaining_time":0.4248560225},
{"learn":[0.09004968975],"iteration":813,"passed_time":1.848620445,"remaining_time":0.4224120427},
{"learn":[0.08982479439],"iteration":814,"passed_time":1.850293722,"remaining_time":0.4200053235},
{"learn":[0.0897828787],"iteration":815,"passed_time":1.852141515,"remaining_time":0.4176397533},
{"learn":[0.08964670262],"iteration":816,"passed_time":1.853773994,"remaining_time":0.4152272225},
{"learn":[0.08950421944],"iteration":817,"passed_time":1.855360515,"remaining_time":0.4128063738},
{"learn":[0.08944406981],"iteration":818,"passed_time":1.858098586,"remaining_time":0.4106420562},
{"learn":[0.0893491071],"iteration":819,"passed_time":1.860869405,"remaining_time":0.4084835279},
{"learn":[0.08919540149],"iteration":820,"passed_time":1.862538936,"remaining_time":0.4060833978},
{"learn":[0.08917770265],"iteration":821,"passed_time":1.863523277,"remaining_time":0.4035366708},
{"learn":[0.08912563675],"iteration":822,"passed_time":1.866467729,"remaining_time":0.4014152953},
{"learn":[0.0889921514],"iteration":823,"passed_time":1.869319804,"remaining_time":0.3992721911},
{"learn":[0.08895280536],"iteration":824,"passed_time":1.871764403,"remaining_time":0.3970409339},
{"learn":[0.08873541858],"iteration":825,"passed_time":1.873945687,"remaining_time":0.3947536919},
{"learn":[0.08854429678],"iteration":826,"passed_time":1.875438228,"remaining_time":0.3923226282},
{"learn":[0.08836046743],"iteration":827,"passed_time":1.877154604,"remaining_time":0.3899403285},
{"learn":[0.08824239769],"iteration":828,"passed_time":1.879011443,"remaining_time":0.3875886089},
{"learn":[0.08813048359],"iteration":829,"passed_time":1.880633948,"remaining_time":0.3851900857},
{"learn":[0.08787733225],"iteration":830,"passed_time":1.882928265,"remaining_time":0.3829300563},
{"learn":[0.08780678194],"iteration":831,"passed_time":1.884744327,"remaining_time":0.3805733737},
{"learn":[0.08761770305],"iteration":832,"passed_time":1.886669066,"remaining_time":0.3782397768},
{"learn":[0.08750424121],"iteration":833,"passed_time":1.889650051,"remaining_time":0.3761173962},
{"learn":[0.0873579108],"iteration":834,"passed_time":1.891484482,"remaining_time":0.3737663946},
{"learn":[0.08721506636],"iteration":835,"passed_time":1.894048973,"remaining_time":0.3715598464},
{"learn":[0.08709916653],"iteration":836,"passed_time":1.896859852,"remaining_time":0.3694004251},
{"learn":[0.08697464046],"iteration":837,"passed_time":1.899414912,"remaining_time":0.367189995},
{"learn":[0.08689682364],"iteration":838,"passed_time":1.901318016,"remaining_time":0.364853636},
{"learn":[0.08681169758],"iteration":839,"passed_time":1.903022225,"remaining_time":0.3624804237},
{"learn":[0.08672555457],"iteration":840,"passed_time":1.904695524,"remaining_time":0.3601029588},
{"learn":[0.08659442919],"iteration":841,"passed_time":1.906715824,"remaining_time":0.3577922806},
{"learn":[0.08654925825],"iteration":842,"passed_time":1.908581631,"remaining_time":0.3554535184},
{"learn":[0.08652199102],"iteration":843,"passed_time":1.910618177,"remaining_time":0.3531474356},
{"learn":[0.08637959652],"iteration":844,"passed_time":1.912284532,"remaining_time":0.3507740858},
{"learn":[0.08630905509],"iteration":845,"passed_time":1.913993435,"remaining_time":0.3484101525},
{"learn":[0.08625388033],"iteration":846,"passed_time":1.915707928,"remaining_time":0.3460487757},
{"learn":[0.08621111202],"iteration":847,"passed_time":1.918018567,"remaining_time":0.3437957808},
{"learn":[0.08610954629],"iteration":848,"passed_time":1.920900892,"remaining_time":0.3416443283},
{"learn":[0.08600936446],"iteration":849,"passed_time":1.923301602,"remaining_time":0.339406165},
{"learn":[0.08588372503],"iteration":850,"passed_time":1.92502719,"remaining_time":0.337049414},
{"learn":[0.08578348014],"iteration":851,"passed_time":1.927071336,"remaining_time":0.334749481},
{"learn":[0.0856820255],"iteration":852,"passed_time":1.928604651,"remaining_time":0.3323621145},
{"learn":[0.08564880096],"iteration":853,"passed_time":1.930135806,"remaining_time":0.329976379},
{"learn":[0.08554319557],"iteration":854,"passed_time":1.932661945,"remaining_time":0.3277613824},
{"learn":[0.08530967172],"iteration":855,"passed_time":1.935505207,"remaining_time":0.3255990068},
{"learn":[0.0852023791],"iteration":856,"passed_time":1.937430194,"remaining_time":0.3232818177},
{"learn":[0.08509884967],"iteration":857,"passed_time":1.939496239,"remaining_time":0.3209888881},
{"learn":[0.08498859863],"iteration":858,"passed_time":1.942083408,"remaining_time":0.3187820261},
{"learn":[0.08489099988],"iteration":859,"passed_time":1.944812382,"remaining_time":0.3165973645},
{"learn":[0.08472102841],"iteration":860,"passed_time":1.947221763,"remaining_time":0.3143598433},
{"learn":[0.08459686055],"iteration":861,"passed_time":1.94995593,"remaining_time":0.3121739191},
{"learn":[0.08450057081],"iteration":862,"passed_time":1.951673534,"remaining_time":0.3098253466},
{"learn":[0.08430042171],"iteration":863,"passed_time":1.954746781,"remaining_time":0.3076916229},
{"learn":[0.08412777806],"iteration":864,"passed_time":1.956613446,"remaining_time":0.3053674164},
{"learn":[0.08404676555],"iteration":865,"passed_time":1.959455682,"remaining_time":0.3031952211},
{"learn":[0.08388495034],"iteration":866,"passed_time":1.961272123,"remaining_time":0.3008641203},
{"learn":[0.08380215044],"iteration":867,"passed_time":1.963974776,"remaining_time":0.2986689751},
{"learn":[0.08370428829],"iteration":868,"passed_time":1.965566135,"remaining_time":0.2963051366},
{"learn":[0.08355939076],"iteration":869,"passed_time":1.967151986,"remaining_time":0.2939422508},
{"learn":[0.08336662698],"iteration":870,"passed_time":1.968768726,"remaining_time":0.2915857241},
{"learn":[0.08317679711],"iteration":871,"passed_time":1.970351325,"remaining_time":0.2892258826},
{"learn":[0.08311909895],"iteration":872,"passed_time":1.972161865,"remaining_time":0.2869009815},
{"learn":[0.08299304412],"iteration":873,"passed_time":1.973866858,"remaining_time":0.2845620413},
{"learn":[0.08283109872],"iteration":874,"passed_time":1.975495658,"remaining_time":0.2822136654},
{"learn":[0.08272035341],"iteration":875,"passed_time":1.977263843,"remaining_time":0.2798866627},
{"learn":[0.08260070012],"iteration":876,"passed_time":1.978926859,"remaining_time":0.2775461844},
{"learn":[0.08250644022],"iteration":877,"passed_time":1.98061761,"remaining_time":0.275211103},
{"learn":[0.08236818824],"iteration":878,"passed_time":1.98230337,"remaining_time":0.2728768006},
{"learn":[0.0823142257],"iteration":879,"passed_time":1.983964581,"remaining_time":0.2705406247},
{"learn":[0.08217619249],"iteration":880,"passed_time":1.986715388,"remaining_time":0.2683531568},
{"learn":[0.08193778878],"iteration":881,"passed_time":1.989314741,"remaining_time":0.266144149},
{"learn":[0.08177171532],"iteration":882,"passed_time":1.990918694,"remaining_time":0.2638023638},
{"learn":[0.08163774965],"iteration":883,"passed_time":1.993515258,"remaining_time":0.2615925},
{"learn":[0.08147764099],"iteration":884,"passed_time":1.995191624,"remaining_time":0.2592621884},
{"learn":[0.08142358817],"iteration":885,"passed_time":1.996987822,"remaining_time":0.2569487717},
{"learn":[0.08132238998],"iteration":886,"passed_time":1.998650309,"remaining_time":0.254619487},
{"learn":[0.08116602343],"iteration":887,"passed_time":2.001285041,"remaining_time":0.2524143295},
{"learn":[0.08096404686],"iteration":888,"passed_time":2.002921053,"remaining_time":0.250083506},
{"learn":[0.08089344316],"iteration":889,"passed_time":2.004433753,"remaining_time":0.2477390031},
{"learn":[0.08081448028],"iteration":890,"passed_time":2.006125047,"remaining_time":0.2454182156},
{"learn":[0.08061935727],"iteration":891,"passed_time":2.007703494,"remaining_time":0.2430851764},
{"learn":[0.08054183896],"iteration":892,"passed_time":2.010235545,"remaining_time":0.2408680888},
{"learn":[0.08042490921],"iteration":893,"passed_time":2.011868141,"remaining_time":0.2385436498},
{"learn":[0.0802647567],"iteration":894,"passed_time":2.013576169,"remaining_time":0.2362296064},
{"learn":[0.08024520417],"iteration":895,"passed_time":2.015364129,"remaining_time":0.2339261935},
{"learn":[0.08011672767],"iteration":896,"passed_time":2.016947209,"remaining_time":0.2316004041},
{"learn":[0.07997608376],"iteration":897,"passed_time":2.01917943,"remaining_time":0.2293500021},
{"learn":[0.07986517461],"iteration":898,"passed_time":2.022100814,"remaining_time":0.2271770658},
{"learn":[0.07976143256],"iteration":899,"passed_time":2.023754169,"remaining_time":0.2248615744},
{"learn":[0.07959550865],"iteration":900,"passed_time":2.02639977,"remaining_time":0.2226565785},
{"learn":[0.07952239243],"iteration":901,"passed_time":2.029055927,"remaining_time":0.2204517526},
{"learn":[0.07934772018],"iteration":902,"passed_time":2.030568356,"remaining_time":0.2181230682},
{"learn":[0.07927039948],"iteration":903,"passed_time":2.032109336,"remaining_time":0.2157992215},
{"learn":[0.07921551499],"iteration":904,"passed_time":2.033786165,"remaining_time":0.2134913654},
{"learn":[0.07905221324],"iteration":905,"passed_time":2.035386218,"remaining_time":0.2111769365},
{"learn":[0.07893411103],"iteration":906,"passed_time":2.037552831,"remaining_time":0.2089221756},
{"learn":[0.07884723525],"iteration":907,"passed_time":2.039370314,"remaining_time":0.2066322345},
{"learn":[0.07870065063],"iteration":908,"passed_time":2.041858096,"remaining_time":0.2044104365},
{"learn":[0.07864742788],"iteration":909,"passed_time":2.04346744,"remaining_time":0.2021011754},
{"learn":[0.07852326607],"iteration":910,"passed_time":2.045117726,"remaining_time":0.1997974507},
{"learn":[0.07834806814],"iteration":911,"passed_time":2.046757032,"remaining_time":0.1974940995},
{"learn":[0.07826577331],"iteration":912,"passed_time":2.048718204,"remaining_time":0.1952228738},
{"learn":[0.0781218462],"iteration":913,"passed_time":2.050549382,"remaining_time":0.192940095},
{"learn":[0.07800686279],"iteration":914,"passed_time":2.052636502,"remaining_time":0.1906820794},
{"learn":[0.0778379542],"iteration":915,"passed_time":2.054605199,"remaining_time":0.1884135772},
{"learn":[0.07777649581],"iteration":916,"passed_time":2.056394887,"remaining_time":0.1861295263},
{"learn":[0.07772838522],"iteration":917,"passed_time":2.058202738,"remaining_time":0.1838481749},
{"learn":[0.07764615666],"iteration":918,"passed_time":2.059892204,"remaining_time":0.1815574195},
{"learn":[0.07754234299],"iteration":919,"passed_time":2.061492204,"remaining_time":0.1792601917},
{"learn":[0.07746079431],"iteration":920,"passed_time":2.063197004,"remaining_time":0.1769734673},
{"learn":[0.0773810317],"iteration":921,"passed_time":2.066221203,"remaining_time":0.1747996246},
{"learn":[0.07726801858],"iteration":922,"passed_time":2.068933234,"remaining_time":0.1725978971},
{"learn":[0.07719321333],"iteration":923,"passed_time":2.071340294,"remaining_time":0.1703699809},
{"learn":[0.07705607603],"iteration":924,"passed_time":2.073022081,"remaining_time":0.1680828714},
{"learn":[0.07699084497],"iteration":925,"passed_time":2.074752246,"remaining_time":0.1658009354},
{"learn":[0.07697816135],"iteration":926,"passed_time":2.076330864,"remaining_time":0.1635082557},
{"learn":[0.07691569263],"iteration":927,"passed_time":2.077865524,"remaining_time":0.1612137044},
{"learn":[0.07684522532],"iteration":928,"passed_time":2.079522828,"remaining_time":0.1589301623},
{"learn":[0.07673558886],"iteration":929,"passed_time":2.082696024,"remaining_time":0.1567620663},
{"learn":[0.07671542316],"iteration":930,"passed_time":2.085381099,"remaining_time":0.1545556346},
{"learn":[0.07663146763],"iteration":931,"passed_time":2.086954982,"remaining_time":0.1522671017},
{"learn":[0.07657651461],"iteration":932,"passed_time":2.089603175,"remaining_time":0.1500572483},
{"learn":[0.07652600523],"iteration":933,"passed_time":2.091101525,"remaining_time":0.1477652041},
{"learn":[0.07649663576],"iteration":934,"passed_time":2.092632788,"remaining_time":0.1454771457},
{"learn":[0.07639347633],"iteration":935,"passed_time":2.094263112,"remaining_time":0.1431974778},
{"learn":[0.07637234795],"iteration":936,"passed_time":2.096166678,"remaining_time":0.1409375675},
{"learn":[0.07620835016],"iteration":937,"passed_time":2.098632178,"remaining_time":0.1387155597},
{"learn":[0.07597941476],"iteration":938,"passed_time":2.100293982,"remaining_time":0.1364408231},
{"learn":[0.07591361334],"iteration":939,"passed_time":2.102407004,"remaining_time":0.1341961918},
{"learn":[0.07572145098],"iteration":940,"passed_time":2.104072614,"remaining_time":0.1319237877},
{"learn":[0.07569251151],"iteration":941,"passed_time":2.105734665,"remaining_time":0.1296524528},
{"learn":[0.0754801009],"iteration":942,"passed_time":2.107411856,"remaining_time":0.1273833253},
{"learn":[0.07544704051],"iteration":943,"passed_time":2.109111191,"remaining_time":0.1251167656},
{"learn":[0.07534901123],"iteration":944,"passed_time":2.110824986,"remaining_time":0.1228522479},
{"learn":[0.07520554579],"iteration":945,"passed_time":2.113247417,"remaining_time":0.1206293451},
{"learn":[0.07504578601],"iteration":946,"passed_time":2.114941073,"remaining_time":0.1183652343},
{"learn":[0.07495405429],"iteration":947,"passed_time":2.11656313,"remaining_time":0.1160983995},
{"learn":[0.07489275659],"iteration":948,"passed_time":2.118229466,"remaining_time":0.1138353032},
{"learn":[0.07477290898],"iteration":949,"passed_time":2.121312797,"remaining_time":0.1116480419},
{"learn":[0.07466042266],"iteration":950,"passed_time":2.123063299,"remaining_time":0.1093902226},
{"learn":[0.07449723145],"iteration":951,"passed_time":2.125181652,"remaining_time":0.1071520161},
{"learn":[0.07442579347],"iteration":952,"passed_time":2.127163247,"remaining_time":0.1049073165},
{"learn":[0.0743491795],"iteration":953,"passed_time":2.129418882,"remaining_time":0.1026763821},
{"learn":[0.07422835461],"iteration":954,"passed_time":2.131703044,"remaining_time":0.1004467403},
{"learn":[0.07416164279],"iteration":955,"passed_time":2.133384913,"remaining_time":0.09818926376},
{"learn":[0.07414539979],"iteration":956,"passed_time":2.135074226,"remaining_time":0.09593332467},
{"learn":[0.07407755414],"iteration":957,"passed_time":2.136757103,"remaining_time":0.09367828637},
{"learn":[0.07391111776],"iteration":958,"passed_time":2.138365605,"remaining_time":0.09142126153},
{"learn":[0.07384386493],"iteration":959,"passed_time":2.140188362,"remaining_time":0.08917451509},
{"learn":[0.07372730836],"iteration":960,"passed_time":2.142913478,"remaining_time":0.08696527121},
{"learn":[0.07364297879],"iteration":961,"passed_time":2.145610866,"remaining_time":0.08475385956},
{"learn":[0.07353810318],"iteration":962,"passed_time":2.147315957,"remaining_time":0.08250331299},
{"learn":[0.07337754329],"iteration":963,"passed_time":2.148889806,"remaining_time":0.0802489969},
{"learn":[0.0733398912],"iteration":964,"passed_time":2.150547336,"remaining_time":0.07799912619},
{"learn":[0.07326924594],"iteration":965,"passed_time":2.152299301,"remaining_time":0.07575380563},
{"learn":[0.07304673255],"iteration":966,"passed_time":2.154026851,"remaining_time":0.07350867228},
{"learn":[0.07291565603],"iteration":967,"passed_time":2.155662593,"remaining_time":0.07126157333},
{"learn":[0.072769042],"iteration":968,"passed_time":2.158394663,"remaining_time":0.06905080964},
{"learn":[0.07271428917],"iteration":969,"passed_time":2.160617557,"remaining_time":0.06682322342},
{"learn":[0.07266457713],"iteration":970,"passed_time":2.162155262,"remaining_time":0.0645751829},
{"learn":[0.07248536969],"iteration":971,"passed_time":2.163719627,"remaining_time":0.06232937197},
{"learn":[0.07237942274],"iteration":972,"passed_time":2.165293612,"remaining_time":0.0600852287},
{"learn":[0.07233432008],"iteration":973,"passed_time":2.166977076,"remaining_time":0.05784538397},
{"learn":[0.07221981645],"iteration":974,"passed_time":2.168724981,"remaining_time":0.05560833284},
{"learn":[0.07209394277],"iteration":975,"passed_time":2.170221936,"remaining_time":0.05336611319},
{"learn":[0.07198971657],"iteration":976,"passed_time":2.173016093,"remaining_time":0.05115595715},
{"learn":[0.07185020846],"iteration":977,"passed_time":2.175084637,"remaining_time":0.04892828427},
{"learn":[0.07172057385],"iteration":978,"passed_time":2.17681823,"remaining_time":0.04669375161},
{"learn":[0.07164287911],"iteration":979,"passed_time":2.178907333,"remaining_time":0.04446749658},
{"learn":[0.07156217318],"iteration":980,"passed_time":2.180347089,"remaining_time":0.04222894463},
{"learn":[0.07148382996],"iteration":981,"passed_time":2.182611431,"remaining_time":0.04000713418},
{"learn":[0.07137847662],"iteration":982,"passed_time":2.184375995,"remaining_time":0.03777659402},
{"learn":[0.07127223312],"iteration":983,"passed_time":2.186988019,"remaining_time":0.0355607808},
{"learn":[0.07121174182],"iteration":984,"passed_time":2.188756694,"remaining_time":0.03333132021},
{"learn":[0.07110318213],"iteration":985,"passed_time":2.191614471,"remaining_time":0.03111825821},
{"learn":[0.07106392469],"iteration":986,"passed_time":2.193452843,"remaining_time":0.02889046298},
{"learn":[0.07094112941],"iteration":987,"passed_time":2.195882576,"remaining_time":0.02667063858},
{"learn":[0.07083716093],"iteration":988,"passed_time":2.19797337,"remaining_time":0.02444661989},
{"learn":[0.07079925286],"iteration":989,"passed_time":2.200938183,"remaining_time":0.02223169881},
{"learn":[0.07067126873],"iteration":990,"passed_time":2.203164119,"remaining_time":0.02000855406},
{"learn":[0.07061673176],"iteration":991,"passed_time":2.204783932,"remaining_time":0.01778051558},
{"learn":[0.07057400558],"iteration":992,"passed_time":2.206500265,"remaining_time":0.01555438254},
{"learn":[0.07051021532],"iteration":993,"passed_time":2.208199903,"remaining_time":0.01332917446},
{"learn":[0.07035815509],"iteration":994,"passed_time":2.209946225,"remaining_time":0.01110525741},
{"learn":[0.07024425464],"iteration":995,"passed_time":2.211888513,"remaining_time":0.008883086397},
{"learn":[0.07014027041],"iteration":996,"passed_time":2.213614174,"remaining_time":0.006660824998},
{"learn":[0.07000448365],"iteration":997,"passed_time":2.215272402,"remaining_time":0.004439423652},
{"learn":[0.06989738726],"iteration":998,"passed_time":2.21738809,"remaining_time":0.002219607698},
{"learn":[0.06983933399],"iteration":999,"passed_time":2.219185207,"remaining_time":0}
]}